<component name="ProjectCodeStyleConfiguration">
  <code_scheme name="Project" version="173">
    <option name="LINE_SEPARATOR" value="&#10;" />
    <option name="RIGHT_MARGIN" value="1000" />
    <HTMLCodeStyleSettings>
      <option name="HTML_SPACE_INSIDE_EMPTY_TAG" value="true" />
      <option name="HTML_QUOTE_STYLE" value="Single" />
      <option name="HTML_ENFORCE_QUOTES" value="true" />
    </HTMLCodeStyleSettings>
    <JSCodeStyleSettings version="0">
      <option name="USE_SEMICOLON_AFTER_STATEMENT" value="false" />
      <option name="FORCE_SEMICOLON_STYLE" value="true" />
      <option name="SPACE_BEFORE_FUNCTION_LEFT_PARENTH" value="false" />
      <option name="USE_DOUBLE_QUOTES" value="false" />
      <option name="FORCE_QUOTE_STYlE" value="true" />
      <option name="ENFORCE_TRAILING_COMMA" value="WhenMultiline" />
      <option name="VAR_DECLARATION_WRAP" value="2" />
      <option name="OBJECT_LITERAL_WRAP" value="2" />
      <option name="SPACES_WITHIN_OBJECT_LITERAL_BRACES" value="true" />
      <option name="SPACES_WITHIN_IMPORTS" value="true" />
    </JSCodeStyleSettings>
    <TypeScriptCodeStyleSettings version="0">
      <option name="USE_SEMICOLON_AFTER_STATEMENT" value="false" />
      <option name="FORCE_SEMICOLON_STYLE" value="true" />
      <option name="SPACE_BEFORE_FUNCTION_LEFT_PARENTH" value="false" />
      <option name="USE_DOUBLE_QUOTES" value="false" />
      <option name="FORCE_QUOTE_STYlE" value="true" />
      <option name="ENFORCE_TRAILING_COMMA" value="WhenMultiline" />
      <option name="VAR_DECLARATION_WRAP" value="2" />
      <option name="OBJECT_LITERAL_WRAP" value="2" />
      <option name="SPACES_WITHIN_OBJECT_LITERAL_BRACES" value="true" />
      <option name="SPACES_WITHIN_IMPORTS" value="true" />
    </TypeScriptCodeStyleSettings>
    <VueCodeStyleSettings>
      <option name="INTERPOLATION_NEW_LINE_AFTER_START_DELIMITER" value="false" />
      <option name="INTERPOLATION_NEW_LINE_BEFORE_END_DELIMITER" value="false" />
    </VueCodeStyleSettings>
    <codeStyleSettings language="HTML">
      <option name="SOFT_MARGINS" value="200" />
      <indentOptions>
        <option name="INDENT_SIZE" value="2" />
        <option name="CONTINUATION_INDENT_SIZE" value="2" />
        <option name="TAB_SIZE" value="2" />
      </indentOptions>
    </codeStyleSettings>
    <codeStyleSettings language="JavaScript">
      <option name="RIGHT_MARGIN" value="200" />
      <option name="KEEP_BLANK_LINES_IN_CODE" value="1" />
      <option name="ALIGN_MULTILINE_PARAMETERS" value="false" />
      <option name="ALIGN_MULTILINE_FOR" value="false" />
      <option name="METHOD_CALL_CHAIN_WRAP" value="2" />
      <option name="IF_BRACE_FORCE" value="1" />
      <option name="DOWHILE_BRACE_FORCE" value="1" />
      <option name="WHILE_BRACE_FORCE" value="1" />
      <option name="FOR_BRACE_FORCE" value="1" />
      <option name="SOFT_MARGINS" value="200" />
      <indentOptions>
        <option name="INDENT_SIZE" value="2" />
        <option name="CONTINUATION_INDENT_SIZE" value="2" />
        <option name="TAB_SIZE" value="2" />
      </indentOptions>
    </codeStyleSettings>
    <codeStyleSettings language="TypeScript">
      <option name="RIGHT_MARGIN" value="200" />
      <option name="KEEP_BLANK_LINES_IN_CODE" value="1" />
      <option name="ALIGN_MULTILINE_PARAMETERS" value="false" />
      <option name="ALIGN_MULTILINE_FOR" value="false" />
      <option name="METHOD_CALL_CHAIN_WRAP" value="2" />
      <option name="IF_BRACE_FORCE" value="1" />
      <option name="DOWHILE_BRACE_FORCE" value="1" />
      <option name="WHILE_BRACE_FORCE" value="1" />
      <option name="FOR_BRACE_FORCE" value="1" />
      <option name="SOFT_MARGINS" value="200" />
      <indentOptions>
        <option name="INDENT_SIZE" value="2" />
        <option name="CONTINUATION_INDENT_SIZE" value="2" />
        <option name="TAB_SIZE" value="2" />
      </indentOptions>
    </codeStyleSettings>
    <codeStyleSettings language="Vue">
      <option name="SOFT_MARGINS" value="200" />
      <indentOptions>
        <option name="CONTINUATION_INDENT_SIZE" value="2" />
      </indentOptions>
    </codeStyleSettings>
  </code_scheme>
</component>