<component name="libraryTable">
  <library name="Gradle: io.springfox:springfox-swagger2:3.0.0">
    <CLASSES>
      <root url="jar://$USER_HOME$/.gradle/caches/modules-2/files-2.1/io.springfox/springfox-swagger2/3.0.0/7bcb18d496576eff76ef7bb72684e149cbb75c1d/springfox-swagger2-3.0.0.jar!/" />
    </CLASSES>
    <JAVADOC />
    <SOURCES>
      <root url="jar://$USER_HOME$/.gradle/caches/modules-2/files-2.1/io.springfox/springfox-swagger2/3.0.0/7d8eb1f82babbce96f39ef18a1d6b9fe3bab2fe8/springfox-swagger2-3.0.0-sources.jar!/" />
    </SOURCES>
  </library>
</component>