<component name="libraryTable">
  <library name="Gradle: javax.activation:activation:1.1">
    <CLASSES>
      <root url="jar://$USER_HOME$/.gradle/caches/modules-2/files-2.1/javax.activation/activation/1.1/e6cb541461c2834bdea3eb920f1884d1eb508b50/activation-1.1.jar!/" />
    </CLASSES>
    <JAVADOC />
    <SOURCES>
      <root url="jar://$USER_HOME$/.gradle/caches/modules-2/files-2.1/javax.activation/activation/1.1/3697e9f67a2ed7ac5f589cff30f21173299440/activation-1.1-sources.jar!/" />
    </SOURCES>
  </library>
</component>