<component name="libraryTable">
  <library name="Gradle: software.amazon.awssdk:utils:2.17.117">
    <CLASSES>
      <root url="jar://$USER_HOME$/.gradle/caches/modules-2/files-2.1/software.amazon.awssdk/utils/2.17.117/74e51463d152a2a02e6ec6585229ee30eaaa2216/utils-2.17.117.jar!/" />
    </CLASSES>
    <JAVADOC />
    <SOURCES>
      <root url="jar://$USER_HOME$/.gradle/caches/modules-2/files-2.1/software.amazon.awssdk/utils/2.17.117/b49d04512a9b471a4febc5ba6d8ebc0393e0595a/utils-2.17.117-sources.jar!/" />
    </SOURCES>
  </library>
</component>