<component name="libraryTable">
  <library name="Gradle: org.junit.jupiter:junit-jupiter:5.7.2">
    <CLASSES>
      <root url="jar://$USER_HOME$/.gradle/caches/modules-2/files-2.1/org.junit.jupiter/junit-jupiter/5.7.2/62faa742964a9d8dab8fdb4a0eab7b01441c171f/junit-jupiter-5.7.2.jar!/" />
    </CLASSES>
    <JAVADOC />
    <SOURCES>
      <root url="jar://$USER_HOME$/.gradle/caches/modules-2/files-2.1/org.junit.jupiter/junit-jupiter/5.7.2/7009caa171d1d6af0f6f09dff25f9f574826a490/junit-jupiter-5.7.2-sources.jar!/" />
    </SOURCES>
  </library>
</component>