<component name="libraryTable">
  <library name="Gradle: org.springframework.boot:spring-boot-starter-security:2.5.5">
    <CLASSES>
      <root url="jar://$USER_HOME$/.gradle/caches/modules-2/files-2.1/org.springframework.boot/spring-boot-starter-security/2.5.5/30cec14d6be2595abeca39985c84b4d941c07cd4/spring-boot-starter-security-2.5.5.jar!/" />
    </CLASSES>
    <JAVADOC />
    <SOURCES>
      <root url="jar://$USER_HOME$/.gradle/caches/modules-2/files-2.1/org.springframework.boot/spring-boot-starter-security/2.5.5/cbdb7ce2b10e61243e6abdde280ff05a463a4072/spring-boot-starter-security-2.5.5-sources.jar!/" />
    </SOURCES>
  </library>
</component>