<component name="libraryTable">
  <library name="Gradle: org.reactivestreams:reactive-streams:1.0.3">
    <CLASSES>
      <root url="jar://$USER_HOME$/.gradle/caches/modules-2/files-2.1/org.reactivestreams/reactive-streams/1.0.3/d9fb7a7926ffa635b3dcaa5049fb2bfa25b3e7d0/reactive-streams-1.0.3.jar!/" />
    </CLASSES>
    <JAVADOC />
    <SOURCES>
      <root url="jar://$USER_HOME$/.gradle/caches/modules-2/files-2.1/org.reactivestreams/reactive-streams/1.0.3/e6ffdff8c438d959376c91d94b319457354a84c5/reactive-streams-1.0.3-sources.jar!/" />
    </SOURCES>
  </library>
</component>