<component name="libraryTable">
  <library name="Gradle: org.springframework:spring-context:5.3.10">
    <CLASSES>
      <root url="jar://$USER_HOME$/.gradle/caches/modules-2/files-2.1/org.springframework/spring-context/5.3.10/45945cec4c23de39faf98139ad81b59965014ff0/spring-context-5.3.10.jar!/" />
    </CLASSES>
    <JAVADOC />
    <SOURCES>
      <root url="jar://$USER_HOME$/.gradle/caches/modules-2/files-2.1/org.springframework/spring-context/5.3.10/8d6a3e906fee80bad904bae643973781cd4cc881/spring-context-5.3.10-sources.jar!/" />
    </SOURCES>
  </library>
</component>