<component name="libraryTable">
  <library name="Gradle: com.google.code.gson:gson:2.8.8">
    <CLASSES>
      <root url="jar://$USER_HOME$/.gradle/caches/modules-2/files-2.1/com.google.code.gson/gson/2.8.8/431fc3cbc0ff81abdbfde070062741089c3ba874/gson-2.8.8.jar!/" />
    </CLASSES>
    <JAVADOC />
    <SOURCES>
      <root url="jar://$USER_HOME$/.gradle/caches/modules-2/files-2.1/com.google.code.gson/gson/2.8.8/c0f02b42d0474823279fc9606a81338896d59941/gson-2.8.8-sources.jar!/" />
    </SOURCES>
  </library>
</component>