<component name="libraryTable">
  <library name="Gradle: com.amazonaws:aws-java-sdk-s3outposts:1.11.1000">
    <CLASSES>
      <root url="jar://$USER_HOME$/.gradle/caches/modules-2/files-2.1/com.amazonaws/aws-java-sdk-s3outposts/1.11.1000/c1f1a0fae5a864346ed5a6c603ba44d94f1aa7e2/aws-java-sdk-s3outposts-1.11.1000.jar!/" />
    </CLASSES>
    <JAVADOC />
    <SOURCES>
      <root url="jar://$USER_HOME$/.gradle/caches/modules-2/files-2.1/com.amazonaws/aws-java-sdk-s3outposts/1.11.1000/6851cd991b25425f87a927482241feb21ad7b2b7/aws-java-sdk-s3outposts-1.11.1000-sources.jar!/" />
    </SOURCES>
  </library>
</component>