<component name="libraryTable">
  <library name="Gradle: commons-fileupload:commons-fileupload:1.4">
    <CLASSES>
      <root url="jar://$USER_HOME$/.gradle/caches/modules-2/files-2.1/commons-fileupload/commons-fileupload/1.4/f95188e3d372e20e7328706c37ef366e5d7859b0/commons-fileupload-1.4.jar!/" />
    </CLASSES>
    <JAVADOC />
    <SOURCES>
      <root url="jar://$USER_HOME$/.gradle/caches/modules-2/files-2.1/commons-fileupload/commons-fileupload/1.4/d50ee98902746c6a351662fa8b728189d1a30e90/commons-fileupload-1.4-sources.jar!/" />
    </SOURCES>
  </library>
</component>