<component name="libraryTable">
  <library name="Gradle: net.minidev:accessors-smart:2.4.7">
    <CLASSES>
      <root url="jar://$USER_HOME$/.gradle/caches/modules-2/files-2.1/net.minidev/accessors-smart/2.4.7/3970cfc505e6657ca60f3aa57c849f6043000d7a/accessors-smart-2.4.7.jar!/" />
    </CLASSES>
    <JAVADOC />
    <SOURCES>
      <root url="jar://$USER_HOME$/.gradle/caches/modules-2/files-2.1/net.minidev/accessors-smart/2.4.7/6369c6c389cd6e1e1ee42d8ea8823a78decae735/accessors-smart-2.4.7-sources.jar!/" />
    </SOURCES>
  </library>
</component>