<component name="libraryTable">
  <library name="Gradle: org.junit.jupiter:junit-jupiter-params:5.7.2">
    <CLASSES>
      <root url="jar://$USER_HOME$/.gradle/caches/modules-2/files-2.1/org.junit.jupiter/junit-jupiter-params/5.7.2/685f832f8c54dd40100f646d61aca88ed9545421/junit-jupiter-params-5.7.2.jar!/" />
    </CLASSES>
    <JAVADOC />
    <SOURCES>
      <root url="jar://$USER_HOME$/.gradle/caches/modules-2/files-2.1/org.junit.jupiter/junit-jupiter-params/5.7.2/45d7318c86fa4c826fab267fadc0839d40267da2/junit-jupiter-params-5.7.2-sources.jar!/" />
    </SOURCES>
  </library>
</component>