<component name="libraryTable">
  <library name="Gradle: net.minidev:json-smart:2.4.7">
    <CLASSES>
      <root url="jar://$USER_HOME$/.gradle/caches/modules-2/files-2.1/net.minidev/json-smart/2.4.7/8d7f4c1530c07c54930935f3da85f48b83b3c109/json-smart-2.4.7.jar!/" />
    </CLASSES>
    <JAVADOC />
    <SOURCES>
      <root url="jar://$USER_HOME$/.gradle/caches/modules-2/files-2.1/net.minidev/json-smart/2.4.7/d64652c79751177c96a294fd5a1dcd61a330e940/json-smart-2.4.7-sources.jar!/" />
    </SOURCES>
  </library>
</component>