<component name="libraryTable">
  <library name="Gradle: org.springframework.security:spring-security-core:5.5.2">
    <CLASSES>
      <root url="jar://$USER_HOME$/.gradle/caches/modules-2/files-2.1/org.springframework.security/spring-security-core/5.5.2/cbb11a2fd6e86c45249562b980ba532476d9cae6/spring-security-core-5.5.2.jar!/" />
    </CLASSES>
    <JAVADOC />
    <SOURCES>
      <root url="jar://$USER_HOME$/.gradle/caches/modules-2/files-2.1/org.springframework.security/spring-security-core/5.5.2/6f20301689ded9e5b42c41085ba2e82f67f193fe/spring-security-core-5.5.2-sources.jar!/" />
    </SOURCES>
  </library>
</component>