<component name="libraryTable">
  <library name="Gradle: io.springfox:springfox-spring-web:3.0.0">
    <CLASSES>
      <root url="jar://$USER_HOME$/.gradle/caches/modules-2/files-2.1/io.springfox/springfox-spring-web/3.0.0/a76f2fbe805bfd2798e20dc8f2cfbfad554d52da/springfox-spring-web-3.0.0.jar!/" />
    </CLASSES>
    <JAVADOC />
    <SOURCES>
      <root url="jar://$USER_HOME$/.gradle/caches/modules-2/files-2.1/io.springfox/springfox-spring-web/3.0.0/76047a40ee4f5fd6526798f5e47f937ad403ed56/springfox-spring-web-3.0.0-sources.jar!/" />
    </SOURCES>
  </library>
</component>