<component name="libraryTable">
  <library name="Gradle: software.amazon.awssdk:regions:2.17.117">
    <CLASSES>
      <root url="jar://$USER_HOME$/.gradle/caches/modules-2/files-2.1/software.amazon.awssdk/regions/2.17.117/1b7f1fc5d74e3834f04bc3bcc31788f8269e0a73/regions-2.17.117.jar!/" />
    </CLASSES>
    <JAVADOC />
    <SOURCES>
      <root url="jar://$USER_HOME$/.gradle/caches/modules-2/files-2.1/software.amazon.awssdk/regions/2.17.117/359b7a034ca40b61e1ab99c32d6343eb7c8e0d92/regions-2.17.117-sources.jar!/" />
    </SOURCES>
  </library>
</component>