<component name="libraryTable">
  <library name="Gradle: com.fasterxml.jackson.core:jackson-annotations:2.12.5">
    <CLASSES>
      <root url="jar://$USER_HOME$/.gradle/caches/modules-2/files-2.1/com.fasterxml.jackson.core/jackson-annotations/2.12.5/52d929d5bb21d0186fe24c09624cc3ee4bafc3b3/jackson-annotations-2.12.5.jar!/" />
    </CLASSES>
    <JAVADOC />
    <SOURCES>
      <root url="jar://$USER_HOME$/.gradle/caches/modules-2/files-2.1/com.fasterxml.jackson.core/jackson-annotations/2.12.5/594b99ba0f5e72701599103f446d4a47cd7675b1/jackson-annotations-2.12.5-sources.jar!/" />
    </SOURCES>
  </library>
</component>