<component name="libraryTable">
  <library name="Gradle: software.amazon.awssdk:aws-xml-protocol:2.17.117">
    <CLASSES>
      <root url="jar://$USER_HOME$/.gradle/caches/modules-2/files-2.1/software.amazon.awssdk/aws-xml-protocol/2.17.117/a1ce7aae26201fa662c19c2733f77d8a76732b7d/aws-xml-protocol-2.17.117.jar!/" />
    </CLASSES>
    <JAVADOC />
    <SOURCES>
      <root url="jar://$USER_HOME$/.gradle/caches/modules-2/files-2.1/software.amazon.awssdk/aws-xml-protocol/2.17.117/dedb368e28d3204d8ddd8897814c8e4fa291f407/aws-xml-protocol-2.17.117-sources.jar!/" />
    </SOURCES>
  </library>
</component>