<component name="libraryTable">
  <library name="Gradle: software.amazon.awssdk:http-client-spi:2.17.117">
    <CLASSES>
      <root url="jar://$USER_HOME$/.gradle/caches/modules-2/files-2.1/software.amazon.awssdk/http-client-spi/2.17.117/a4478edbf53edcbe44d982dd20261b010ea4d6a/http-client-spi-2.17.117.jar!/" />
    </CLASSES>
    <JAVADOC />
    <SOURCES>
      <root url="jar://$USER_HOME$/.gradle/caches/modules-2/files-2.1/software.amazon.awssdk/http-client-spi/2.17.117/2eec3358afbde9143dfec70434502f1d2feb3afb/http-client-spi-2.17.117-sources.jar!/" />
    </SOURCES>
  </library>
</component>