<component name="libraryTable">
  <library name="Gradle: io.github.classgraph:classgraph:4.8.83">
    <CLASSES>
      <root url="jar://$USER_HOME$/.gradle/caches/modules-2/files-2.1/io.github.classgraph/classgraph/4.8.83/7be289f451cedf9e35ed97caba3953226b4e6d9/classgraph-4.8.83.jar!/" />
    </CLASSES>
    <JAVADOC />
    <SOURCES>
      <root url="jar://$USER_HOME$/.gradle/caches/modules-2/files-2.1/io.github.classgraph/classgraph/4.8.83/d7c113ad046658487a442d34e641d9a62d6ccd29/classgraph-4.8.83-sources.jar!/" />
    </SOURCES>
  </library>
</component>