<component name="libraryTable">
  <library name="Gradle: org.projectlombok:lombok:1.18.20">
    <CLASSES>
      <root url="jar://$USER_HOME$/.gradle/caches/modules-2/files-2.1/org.projectlombok/lombok/1.18.20/18bcea7d5df4d49227b4a0743a536208ce4825bb/lombok-1.18.20.jar!/" />
    </CLASSES>
    <JAVADOC />
    <SOURCES>
      <root url="jar://$USER_HOME$/.gradle/caches/modules-2/files-2.1/org.projectlombok/lombok/1.18.20/92f5eddfbd25532de61571429e932dd0186043d0/lombok-1.18.20-sources.jar!/" />
    </SOURCES>
  </library>
</component>