<component name="libraryTable">
  <library name="Gradle: software.amazon.awssdk:third-party-jackson-core:2.17.117">
    <CLASSES>
      <root url="jar://$USER_HOME$/.gradle/caches/modules-2/files-2.1/software.amazon.awssdk/third-party-jackson-core/2.17.117/4dc8fd10cff4395a42fc0359535db3eccb279689/third-party-jackson-core-2.17.117.jar!/" />
    </CLASSES>
    <JAVADOC />
    <SOURCES>
      <root url="jar://$USER_HOME$/.gradle/caches/modules-2/files-2.1/software.amazon.awssdk/third-party-jackson-core/2.17.117/7a6e1d7e9de42b1e52efaef42d001a2c2e3b14c8/third-party-jackson-core-2.17.117-sources.jar!/" />
    </SOURCES>
  </library>
</component>