<component name="libraryTable">
  <library name="Gradle: com.vaadin.external.google:android-json:0.0.20131108.vaadin1">
    <CLASSES>
      <root url="jar://$USER_HOME$/.gradle/caches/modules-2/files-2.1/com.vaadin.external.google/android-json/0.0.20131108.vaadin1/fa26d351fe62a6a17f5cda1287c1c6110dec413f/android-json-0.0.20131108.vaadin1.jar!/" />
    </CLASSES>
    <JAVADOC />
    <SOURCES>
      <root url="jar://$USER_HOME$/.gradle/caches/modules-2/files-2.1/com.vaadin.external.google/android-json/0.0.20131108.vaadin1/bf42d7e47a3228513b626dd7d37ac6f072aeca4f/android-json-0.0.20131108.vaadin1-sources.jar!/" />
    </SOURCES>
  </library>
</component>