<component name="libraryTable">
  <library name="Gradle: org.json:json:20200518">
    <CLASSES>
      <root url="jar://$USER_HOME$/.gradle/caches/modules-2/files-2.1/org.json/json/20200518/41a767de4bde8f01d53856b905c49b2db8862f13/json-20200518.jar!/" />
    </CLASSES>
    <JAVADOC />
    <SOURCES>
      <root url="jar://$USER_HOME$/.gradle/caches/modules-2/files-2.1/org.json/json/20200518/ceb261c0ee9e87e2c4cb51ac95209006a3a2bd4c/json-20200518-sources.jar!/" />
    </SOURCES>
  </library>
</component>