<component name="libraryTable">
  <library name="Gradle: org.springframework:spring-core:5.3.10">
    <CLASSES>
      <root url="jar://$USER_HOME$/.gradle/caches/modules-2/files-2.1/org.springframework/spring-core/5.3.10/4e0b94b1e2d7a7399ecedef03dd676c34133625e/spring-core-5.3.10.jar!/" />
    </CLASSES>
    <JAVADOC />
    <SOURCES>
      <root url="jar://$USER_HOME$/.gradle/caches/modules-2/files-2.1/org.springframework/spring-core/5.3.10/eada1c96855a2930c87451ee190aa587452cb0c2/spring-core-5.3.10-sources.jar!/" />
    </SOURCES>
  </library>
</component>