<component name="libraryTable">
  <library name="Gradle: org.springframework.boot:spring-boot-starter-data-redis:2.5.5">
    <CLASSES>
      <root url="jar://$USER_HOME$/.gradle/caches/modules-2/files-2.1/org.springframework.boot/spring-boot-starter-data-redis/2.5.5/f2ce9edea3ff90db890902a22ebe29a0cfe99f76/spring-boot-starter-data-redis-2.5.5.jar!/" />
    </CLASSES>
    <JAVADOC />
    <SOURCES>
      <root url="jar://$USER_HOME$/.gradle/caches/modules-2/files-2.1/org.springframework.boot/spring-boot-starter-data-redis/2.5.5/f9911fcb45fe92ea4fd32dee07c06956aae7b391/spring-boot-starter-data-redis-2.5.5-sources.jar!/" />
    </SOURCES>
  </library>
</component>