<component name="libraryTable">
  <library name="Gradle: io.springfox:springfox-boot-starter:3.0.0">
    <CLASSES>
      <root url="jar://$USER_HOME$/.gradle/caches/modules-2/files-2.1/io.springfox/springfox-boot-starter/3.0.0/5486365e263f8acca014b97efa50c3419d58e8f6/springfox-boot-starter-3.0.0.jar!/" />
    </CLASSES>
    <JAVADOC />
    <SOURCES>
      <root url="jar://$USER_HOME$/.gradle/caches/modules-2/files-2.1/io.springfox/springfox-boot-starter/3.0.0/e70efb4970b4abf66eb2415b18a2c23f0e3def27/springfox-boot-starter-3.0.0-sources.jar!/" />
    </SOURCES>
  </library>
</component>