<component name="libraryTable">
  <library name="Gradle: com.fasterxml.jackson.core:jackson-databind:2.12.5">
    <ANNOTATIONS>
      <root url="jar://$MAVEN_REPOSITORY$/org/jetbrains/externalAnnotations/com/fasterxml/jackson/core/jackson-databind/2.9.6-an1/jackson-databind-2.9.6-an1-annotations.zip!/" />
    </ANNOTATIONS>
    <CLASSES>
      <root url="jar://$USER_HOME$/.gradle/caches/modules-2/files-2.1/com.fasterxml.jackson.core/jackson-databind/2.12.5/b064cf057f23d3d35390328c5030847efeffedde/jackson-databind-2.12.5.jar!/" />
    </CLASSES>
    <JAVADOC />
    <SOURCES>
      <root url="jar://$USER_HOME$/.gradle/caches/modules-2/files-2.1/com.fasterxml.jackson.core/jackson-databind/2.12.5/485c92bdef6ee7b1b2090c045dea943a9c7b8f8c/jackson-databind-2.12.5-sources.jar!/" />
    </SOURCES>
  </library>
</component>