<component name="libraryTable">
  <library name="Gradle: io.swagger:swagger-annotations:1.5.20">
    <CLASSES>
      <root url="jar://$USER_HOME$/.gradle/caches/modules-2/files-2.1/io.swagger/swagger-annotations/1.5.20/16051f93ce11ca489a5313775d825f82fcc2cd6c/swagger-annotations-1.5.20.jar!/" />
    </CLASSES>
    <JAVADOC />
    <SOURCES>
      <root url="jar://$USER_HOME$/.gradle/caches/modules-2/files-2.1/io.swagger/swagger-annotations/1.5.20/fff338e626738539b51ab0eb747f5fd4bdaf4d71/swagger-annotations-1.5.20-sources.jar!/" />
    </SOURCES>
  </library>
</component>