<component name="libraryTable">
  <library name="Gradle: org.springframework.boot:spring-boot-autoconfigure:2.5.5">
    <CLASSES>
      <root url="jar://$USER_HOME$/.gradle/caches/modules-2/files-2.1/org.springframework.boot/spring-boot-autoconfigure/2.5.5/350511c5612eea8df4ef0f95e2c1b3ff3ea962e8/spring-boot-autoconfigure-2.5.5.jar!/" />
    </CLASSES>
    <JAVADOC />
    <SOURCES>
      <root url="jar://$USER_HOME$/.gradle/caches/modules-2/files-2.1/org.springframework.boot/spring-boot-autoconfigure/2.5.5/160d993914c52b82b5d86ef8fbb5a55fddfa243e/spring-boot-autoconfigure-2.5.5-sources.jar!/" />
    </SOURCES>
  </library>
</component>