<component name="libraryTable">
  <library name="Gradle: io.springfox:springfox-spring-webflux:3.0.0">
    <CLASSES>
      <root url="jar://$USER_HOME$/.gradle/caches/modules-2/files-2.1/io.springfox/springfox-spring-webflux/3.0.0/efccbcfe1d23f2ba520bd87cc156bf2b81f3568e/springfox-spring-webflux-3.0.0.jar!/" />
    </CLASSES>
    <JAVADOC />
    <SOURCES>
      <root url="jar://$USER_HOME$/.gradle/caches/modules-2/files-2.1/io.springfox/springfox-spring-webflux/3.0.0/dc53442b182511ba32762e5c26774f6f909f7369/springfox-spring-webflux-3.0.0-sources.jar!/" />
    </SOURCES>
  </library>
</component>