<component name="libraryTable">
  <library name="Gradle: software.amazon.awssdk:profiles:2.17.117">
    <CLASSES>
      <root url="jar://$USER_HOME$/.gradle/caches/modules-2/files-2.1/software.amazon.awssdk/profiles/2.17.117/226a3a233baccf24f1b56010e90178d090d3588a/profiles-2.17.117.jar!/" />
    </CLASSES>
    <JAVADOC />
    <SOURCES>
      <root url="jar://$USER_HOME$/.gradle/caches/modules-2/files-2.1/software.amazon.awssdk/profiles/2.17.117/6692c644373ffa358a99d7b8782fa1aae645c17/profiles-2.17.117-sources.jar!/" />
    </SOURCES>
  </library>
</component>