<component name="libraryTable">
  <library name="Gradle: org.junit.jupiter:junit-jupiter-api:5.7.2">
    <CLASSES>
      <root url="jar://$USER_HOME$/.gradle/caches/modules-2/files-2.1/org.junit.jupiter/junit-jupiter-api/5.7.2/f4b4079732a9c537983324cfa4e46655f21d2c56/junit-jupiter-api-5.7.2.jar!/" />
    </CLASSES>
    <JAVADOC />
    <SOURCES>
      <root url="jar://$USER_HOME$/.gradle/caches/modules-2/files-2.1/org.junit.jupiter/junit-jupiter-api/5.7.2/ebca04edd1975a8fd42846c4f6d0b8fec3d6efc1/junit-jupiter-api-5.7.2-sources.jar!/" />
    </SOURCES>
  </library>
</component>