<component name="libraryTable">
  <library name="Gradle: io.swagger:swagger-models:1.5.20">
    <CLASSES>
      <root url="jar://$USER_HOME$/.gradle/caches/modules-2/files-2.1/io.swagger/swagger-models/1.5.20/fb3a23bad80c5ed84db9dd150db2cba699531458/swagger-models-1.5.20.jar!/" />
    </CLASSES>
    <JAVADOC />
    <SOURCES>
      <root url="jar://$USER_HOME$/.gradle/caches/modules-2/files-2.1/io.swagger/swagger-models/1.5.20/645ed024a639bba92570cde6d93b87b575a6b58e/swagger-models-1.5.20-sources.jar!/" />
    </SOURCES>
  </library>
</component>