<component name="libraryTable">
  <library name="Gradle: org.slf4j:slf4j-api:1.7.32">
    <CLASSES>
      <root url="jar://$USER_HOME$/.gradle/caches/modules-2/files-2.1/org.slf4j/slf4j-api/1.7.32/cdcff33940d9f2de763bc41ea05a0be5941176c3/slf4j-api-1.7.32.jar!/" />
    </CLASSES>
    <JAVADOC />
    <SOURCES>
      <root url="jar://$USER_HOME$/.gradle/caches/modules-2/files-2.1/org.slf4j/slf4j-api/1.7.32/4381b152f738580aef4e436b2692a3db30609b26/slf4j-api-1.7.32-sources.jar!/" />
    </SOURCES>
  </library>
</component>