<component name="libraryTable">
  <library name="Gradle: org.mockito:mockito-junit-jupiter:3.9.0">
    <CLASSES>
      <root url="jar://$USER_HOME$/.gradle/caches/modules-2/files-2.1/org.mockito/mockito-junit-jupiter/3.9.0/871745ab6af5a269411ea3c1f99ced82ed079436/mockito-junit-jupiter-3.9.0.jar!/" />
    </CLASSES>
    <JAVADOC />
    <SOURCES>
      <root url="jar://$USER_HOME$/.gradle/caches/modules-2/files-2.1/org.mockito/mockito-junit-jupiter/3.9.0/c16ea5cf4c8b06dc63e5bb0af9a9828cce6c5e01/mockito-junit-jupiter-3.9.0-sources.jar!/" />
    </SOURCES>
  </library>
</component>