<component name="libraryTable">
  <library name="Gradle: software.amazon.awssdk:aws-json-protocol:2.17.117">
    <CLASSES>
      <root url="jar://$USER_HOME$/.gradle/caches/modules-2/files-2.1/software.amazon.awssdk/aws-json-protocol/2.17.117/1c6cdd5055f23b50d78bf211b57a595d7997d616/aws-json-protocol-2.17.117.jar!/" />
    </CLASSES>
    <JAVADOC />
    <SOURCES>
      <root url="jar://$USER_HOME$/.gradle/caches/modules-2/files-2.1/software.amazon.awssdk/aws-json-protocol/2.17.117/5bc1c058450c19724657863bb3c3ebc80fe33f0b/aws-json-protocol-2.17.117-sources.jar!/" />
    </SOURCES>
  </library>
</component>