<component name="libraryTable">
  <library name="Gradle: net.rakugakibox.util:yaml-resource-bundle:1.1">
    <CLASSES>
      <root url="jar://$USER_HOME$/.gradle/caches/modules-2/files-2.1/net.rakugakibox.util/yaml-resource-bundle/1.1/a4e54ce05324159d86b971b22a2cca1bdd96d649/yaml-resource-bundle-1.1.jar!/" />
    </CLASSES>
    <JAVADOC />
    <SOURCES>
      <root url="jar://$USER_HOME$/.gradle/caches/modules-2/files-2.1/net.rakugakibox.util/yaml-resource-bundle/1.1/163ac1e63ea707683225bf8fc8eeff5713b1ba64/yaml-resource-bundle-1.1-sources.jar!/" />
    </SOURCES>
  </library>
</component>