<component name="libraryTable">
  <library name="Gradle: org.apache.logging.log4j:log4j-api:2.17.1">
    <CLASSES>
      <root url="jar://$USER_HOME$/.gradle/caches/modules-2/files-2.1/org.apache.logging.log4j/log4j-api/2.17.1/d771af8e336e372fb5399c99edabe0919aeaf5b2/log4j-api-2.17.1.jar!/" />
    </CLASSES>
    <JAVADOC />
    <SOURCES>
      <root url="jar://$USER_HOME$/.gradle/caches/modules-2/files-2.1/org.apache.logging.log4j/log4j-api/2.17.1/d23d37cc41300a7f6eba7813855dbb224e2a3177/log4j-api-2.17.1-sources.jar!/" />
    </SOURCES>
  </library>
</component>