<component name="libraryTable">
  <library name="Gradle: jakarta.xml.bind:jakarta.xml.bind-api:2.3.3">
    <CLASSES>
      <root url="jar://$USER_HOME$/.gradle/caches/modules-2/files-2.1/jakarta.xml.bind/jakarta.xml.bind-api/2.3.3/48e3b9cfc10752fba3521d6511f4165bea951801/jakarta.xml.bind-api-2.3.3.jar!/" />
    </CLASSES>
    <JAVADOC />
    <SOURCES>
      <root url="jar://$USER_HOME$/.gradle/caches/modules-2/files-2.1/jakarta.xml.bind/jakarta.xml.bind-api/2.3.3/d83744bae211a4072c39f007000a13f501a88395/jakarta.xml.bind-api-2.3.3-sources.jar!/" />
    </SOURCES>
  </library>
</component>