<component name="libraryTable">
  <library name="Gradle: software.amazon.awssdk:s3:2.17.117">
    <CLASSES>
      <root url="jar://$USER_HOME$/.gradle/caches/modules-2/files-2.1/software.amazon.awssdk/s3/2.17.117/2b0ee0762e19e0c6d8c02c24d09a8d891839d21d/s3-2.17.117.jar!/" />
    </CLASSES>
    <JAVADOC />
    <SOURCES>
      <root url="jar://$USER_HOME$/.gradle/caches/modules-2/files-2.1/software.amazon.awssdk/s3/2.17.117/ed851e4b86801b590a5a7400155e6dcb6b399248/s3-2.17.117-sources.jar!/" />
    </SOURCES>
  </library>
</component>