<component name="libraryTable">
  <library name="Gradle: org.springframework.plugin:spring-plugin-core:2.0.0.RELEASE">
    <CLASSES>
      <root url="jar://$USER_HOME$/.gradle/caches/modules-2/files-2.1/org.springframework.plugin/spring-plugin-core/2.0.0.RELEASE/95fc8c13037630f4aba9c51141f535becec00fe6/spring-plugin-core-2.0.0.RELEASE.jar!/" />
    </CLASSES>
    <JAVADOC />
    <SOURCES>
      <root url="jar://$USER_HOME$/.gradle/caches/modules-2/files-2.1/org.springframework.plugin/spring-plugin-core/2.0.0.RELEASE/13977f041125e507416fcc7f6c103bf169ea94e8/spring-plugin-core-2.0.0.RELEASE-sources.jar!/" />
    </SOURCES>
  </library>
</component>