<component name="libraryTable">
  <library name="Gradle: org.junit.platform:junit-platform-commons:1.7.2">
    <CLASSES>
      <root url="jar://$USER_HOME$/.gradle/caches/modules-2/files-2.1/org.junit.platform/junit-platform-commons/1.7.2/34adfea6c13fc4a996cf38cdad80800ce850d198/junit-platform-commons-1.7.2.jar!/" />
    </CLASSES>
    <JAVADOC />
    <SOURCES>
      <root url="jar://$USER_HOME$/.gradle/caches/modules-2/files-2.1/org.junit.platform/junit-platform-commons/1.7.2/1ff6be63f8bb2ef0d8c20b771a1d9160b6077a81/junit-platform-commons-1.7.2-sources.jar!/" />
    </SOURCES>
  </library>
</component>