<component name="libraryTable">
  <library name="Gradle: org.mapstruct:mapstruct:1.3.1.Final">
    <CLASSES>
      <root url="jar://$USER_HOME$/.gradle/caches/modules-2/files-2.1/org.mapstruct/mapstruct/1.3.1.Final/6ab184bbc7a7029738277a244e4c535fcdc3f558/mapstruct-1.3.1.Final.jar!/" />
    </CLASSES>
    <JAVADOC />
    <SOURCES>
      <root url="jar://$USER_HOME$/.gradle/caches/modules-2/files-2.1/org.mapstruct/mapstruct/1.3.1.Final/e4c4fef2f60b104a47394e11102137fdf00a43b2/mapstruct-1.3.1.Final-sources.jar!/" />
    </SOURCES>
  </library>
</component>