<component name="libraryTable">
  <library name="Gradle: org.apache.httpcomponents:httpclient:4.5.13">
    <CLASSES>
      <root url="jar://$USER_HOME$/.gradle/caches/modules-2/files-2.1/org.apache.httpcomponents/httpclient/4.5.13/e5f6cae5ca7ecaac1ec2827a9e2d65ae2869cada/httpclient-4.5.13.jar!/" />
    </CLASSES>
    <JAVADOC />
    <SOURCES>
      <root url="jar://$USER_HOME$/.gradle/caches/modules-2/files-2.1/org.apache.httpcomponents/httpclient/4.5.13/9654e91a61d7662c36be6710ef8e720c0e3f9807/httpclient-4.5.13-sources.jar!/" />
    </SOURCES>
  </library>
</component>