<component name="libraryTable">
  <library name="Gradle: software.amazon.awssdk:aws-core:2.17.117">
    <CLASSES>
      <root url="jar://$USER_HOME$/.gradle/caches/modules-2/files-2.1/software.amazon.awssdk/aws-core/2.17.117/5ab042e1641cb8f61f8fbe372bdd6ae563349ca0/aws-core-2.17.117.jar!/" />
    </CLASSES>
    <JAVADOC />
    <SOURCES>
      <root url="jar://$USER_HOME$/.gradle/caches/modules-2/files-2.1/software.amazon.awssdk/aws-core/2.17.117/1eb357e5e9e2dad8c8b10aefff1bd8d01a261b76/aws-core-2.17.117-sources.jar!/" />
    </SOURCES>
  </library>
</component>