<component name="libraryTable">
  <library name="Gradle: software.amazon.awssdk:aws-query-protocol:2.17.117">
    <CLASSES>
      <root url="jar://$USER_HOME$/.gradle/caches/modules-2/files-2.1/software.amazon.awssdk/aws-query-protocol/2.17.117/5a5d1409898ae619a2f15557f94bce5857014b59/aws-query-protocol-2.17.117.jar!/" />
    </CLASSES>
    <JAVADOC />
    <SOURCES>
      <root url="jar://$USER_HOME$/.gradle/caches/modules-2/files-2.1/software.amazon.awssdk/aws-query-protocol/2.17.117/bc09524be9f0849a7fc575b4ab0258e0aac5da90/aws-query-protocol-2.17.117-sources.jar!/" />
    </SOURCES>
  </library>
</component>