<component name="libraryTable">
  <library name="Gradle: org.apache.logging.log4j:log4j-to-slf4j:2.17.1">
    <CLASSES>
      <root url="jar://$USER_HOME$/.gradle/caches/modules-2/files-2.1/org.apache.logging.log4j/log4j-to-slf4j/2.17.1/3619fd18278a1a895c1dca8c5be002768071a20e/log4j-to-slf4j-2.17.1.jar!/" />
    </CLASSES>
    <JAVADOC />
    <SOURCES>
      <root url="jar://$USER_HOME$/.gradle/caches/modules-2/files-2.1/org.apache.logging.log4j/log4j-to-slf4j/2.17.1/83b8197b304eb834e75b5e96c4bc8b0310e1221f/log4j-to-slf4j-2.17.1-sources.jar!/" />
    </SOURCES>
  </library>
</component>