<component name="libraryTable">
  <library name="Gradle: net.bytebuddy:byte-buddy:1.10.22">
    <CLASSES>
      <root url="jar://$USER_HOME$/.gradle/caches/modules-2/files-2.1/net.bytebuddy/byte-buddy/1.10.22/ef45d7e2cd1c600d279704f492ed5ce2ceb6cdb5/byte-buddy-1.10.22.jar!/" />
    </CLASSES>
    <JAVADOC />
    <SOURCES>
      <root url="jar://$USER_HOME$/.gradle/caches/modules-2/files-2.1/net.bytebuddy/byte-buddy/1.10.22/fd96eec7cda105c0eac548898461afcd1b6de750/byte-buddy-1.10.22-sources.jar!/" />
    </SOURCES>
  </library>
</component>