<component name="libraryTable">
  <library name="Gradle: software.amazon.awssdk:arns:2.17.117">
    <CLASSES>
      <root url="jar://$USER_HOME$/.gradle/caches/modules-2/files-2.1/software.amazon.awssdk/arns/2.17.117/f4c7ecb5758a5bbbff8d14179088bb92a96cba54/arns-2.17.117.jar!/" />
    </CLASSES>
    <JAVADOC />
    <SOURCES>
      <root url="jar://$USER_HOME$/.gradle/caches/modules-2/files-2.1/software.amazon.awssdk/arns/2.17.117/6f10d1d1ab3d1cc98400f54b8a166bc3a5f5d1a3/arns-2.17.117-sources.jar!/" />
    </SOURCES>
  </library>
</component>