<component name="libraryTable">
  <library name="Gradle: com.zaxxer:HikariCP:4.0.3">
    <CLASSES>
      <root url="jar://$USER_HOME$/.gradle/caches/modules-2/files-2.1/com.zaxxer/HikariCP/4.0.3/107cbdf0db6780a065f895ae9d8fbf3bb0e1c21f/HikariCP-4.0.3.jar!/" />
    </CLASSES>
    <JAVADOC />
    <SOURCES>
      <root url="jar://$USER_HOME$/.gradle/caches/modules-2/files-2.1/com.zaxxer/HikariCP/4.0.3/b27e256676e4457e73aaea5dfe19795ab2451f93/HikariCP-4.0.3-sources.jar!/" />
    </SOURCES>
  </library>
</component>