<component name="libraryTable">
  <library name="Gradle: com.fasterxml:classmate:1.5.1">
    <CLASSES>
      <root url="jar://$USER_HOME$/.gradle/caches/modules-2/files-2.1/com.fasterxml/classmate/1.5.1/3fe0bed568c62df5e89f4f174c101eab25345b6c/classmate-1.5.1.jar!/" />
    </CLASSES>
    <JAVADOC />
    <SOURCES>
      <root url="jar://$USER_HOME$/.gradle/caches/modules-2/files-2.1/com.fasterxml/classmate/1.5.1/504edac38ff03cc5ce1d0391abb1416ffad58a99/classmate-1.5.1-sources.jar!/" />
    </SOURCES>
  </library>
</component>