<component name="libraryTable">
  <library name="Gradle: joda-time:joda-time:2.8.1">
    <CLASSES>
      <root url="jar://$USER_HOME$/.gradle/caches/modules-2/files-2.1/joda-time/joda-time/2.8.1/f5bfc718c95a7b1d3c371bb02a188a4df18361a9/joda-time-2.8.1.jar!/" />
    </CLASSES>
    <JAVADOC />
    <SOURCES>
      <root url="jar://$USER_HOME$/.gradle/caches/modules-2/files-2.1/joda-time/joda-time/2.8.1/bf0996237b66ce00cd3132af179612df02ff9771/joda-time-2.8.1-sources.jar!/" />
    </SOURCES>
  </library>
</component>