<component name="libraryTable">
  <library name="Gradle: io.netty:netty-codec:4.1.68.Final">
    <CLASSES>
      <root url="jar://$USER_HOME$/.gradle/caches/modules-2/files-2.1/io.netty/netty-codec/4.1.68.Final/910fce1b73c414daf894fbbcfc7a1e8530a69a0f/netty-codec-4.1.68.Final.jar!/" />
    </CLASSES>
    <JAVADOC />
    <SOURCES>
      <root url="jar://$USER_HOME$/.gradle/caches/modules-2/files-2.1/io.netty/netty-codec/4.1.68.Final/5352648ab5ca9a391d4770020fd530e8282e86a1/netty-codec-4.1.68.Final-sources.jar!/" />
    </SOURCES>
  </library>
</component>