<component name="libraryTable">
  <library name="Gradle: org.springframework:spring-jdbc:5.3.10">
    <CLASSES>
      <root url="jar://$USER_HOME$/.gradle/caches/modules-2/files-2.1/org.springframework/spring-jdbc/5.3.10/206882992cbfee0dc908e17b36cf285857e3fa99/spring-jdbc-5.3.10.jar!/" />
    </CLASSES>
    <JAVADOC />
    <SOURCES>
      <root url="jar://$USER_HOME$/.gradle/caches/modules-2/files-2.1/org.springframework/spring-jdbc/5.3.10/40255e9ed0fe031c0bc1528114e8374d5cad06c7/spring-jdbc-5.3.10-sources.jar!/" />
    </SOURCES>
  </library>
</component>