<component name="libraryTable">
  <library name="Gradle: com.jayway.jsonpath:json-path:2.5.0">
    <CLASSES>
      <root url="jar://$USER_HOME$/.gradle/caches/modules-2/files-2.1/com.jayway.jsonpath/json-path/2.5.0/c35ef29095125b51638d19120f63e2b56eff20e9/json-path-2.5.0.jar!/" />
    </CLASSES>
    <JAVADOC />
    <SOURCES>
      <root url="jar://$USER_HOME$/.gradle/caches/modules-2/files-2.1/com.jayway.jsonpath/json-path/2.5.0/dc46e2ab488eb8d8db263405bccd1895e68a7f1a/json-path-2.5.0-sources.jar!/" />
    </SOURCES>
  </library>
</component>