<component name="libraryTable">
  <library name="Gradle: org.xmlunit:xmlunit-core:2.8.2">
    <CLASSES>
      <root url="jar://$USER_HOME$/.gradle/caches/modules-2/files-2.1/org.xmlunit/xmlunit-core/2.8.2/8e4e46b87afaaf9b6cfb8de778e473cf7aeb087f/xmlunit-core-2.8.2.jar!/" />
    </CLASSES>
    <JAVADOC />
    <SOURCES>
      <root url="jar://$USER_HOME$/.gradle/caches/modules-2/files-2.1/org.xmlunit/xmlunit-core/2.8.2/e967ea0ea1adaddb398854aeb7610a18d75d9d56/xmlunit-core-2.8.2-sources.jar!/" />
    </SOURCES>
  </library>
</component>