<component name="libraryTable">
  <library name="Gradle: software.amazon.ion:ion-java:1.0.2">
    <CLASSES>
      <root url="jar://$USER_HOME$/.gradle/caches/modules-2/files-2.1/software.amazon.ion/ion-java/1.0.2/ee9dacea7726e495f8352b81c12c23834ffbc564/ion-java-1.0.2.jar!/" />
    </CLASSES>
    <JAVADOC />
    <SOURCES>
      <root url="jar://$USER_HOME$/.gradle/caches/modules-2/files-2.1/software.amazon.ion/ion-java/1.0.2/3077203a7e79dd126a480da0491ec60238bbb872/ion-java-1.0.2-sources.jar!/" />
    </SOURCES>
  </library>
</component>