<component name="libraryTable">
  <library name="Gradle: software.amazon.awssdk:auth:2.17.117">
    <CLASSES>
      <root url="jar://$USER_HOME$/.gradle/caches/modules-2/files-2.1/software.amazon.awssdk/auth/2.17.117/6d97c9aeecc0f4c20470b91f911903974b21e8dc/auth-2.17.117.jar!/" />
    </CLASSES>
    <JAVADOC />
    <SOURCES>
      <root url="jar://$USER_HOME$/.gradle/caches/modules-2/files-2.1/software.amazon.awssdk/auth/2.17.117/5717e49aabbf6b56bea638355190538b4d591d6d/auth-2.17.117-sources.jar!/" />
    </SOURCES>
  </library>
</component>