<component name="libraryTable">
  <library name="Gradle: software.amazon.awssdk:json-utils:2.17.117">
    <CLASSES>
      <root url="jar://$USER_HOME$/.gradle/caches/modules-2/files-2.1/software.amazon.awssdk/json-utils/2.17.117/2c1bf90224e8b20db21df511c17f5cb2b529fc73/json-utils-2.17.117.jar!/" />
    </CLASSES>
    <JAVADOC />
    <SOURCES>
      <root url="jar://$USER_HOME$/.gradle/caches/modules-2/files-2.1/software.amazon.awssdk/json-utils/2.17.117/1c1051c747df88a26ff10886ff45344ae619a1e7/json-utils-2.17.117-sources.jar!/" />
    </SOURCES>
  </library>
</component>