<component name="libraryTable">
  <library name="Gradle: org.junit.platform:junit-platform-engine:1.7.2">
    <CLASSES>
      <root url="jar://$USER_HOME$/.gradle/caches/modules-2/files-2.1/org.junit.platform/junit-platform-engine/1.7.2/2573770b46b8a199ed5f6b0f96fb99e468bfe891/junit-platform-engine-1.7.2.jar!/" />
    </CLASSES>
    <JAVADOC />
    <SOURCES>
      <root url="jar://$USER_HOME$/.gradle/caches/modules-2/files-2.1/org.junit.platform/junit-platform-engine/1.7.2/4d160bb45611331ab4feba5dde85ebceb05a824e/junit-platform-engine-1.7.2-sources.jar!/" />
    </SOURCES>
  </library>
</component>