<component name="libraryTable">
  <library name="Gradle: org.springframework.boot:spring-boot-starter-tomcat:2.5.5">
    <CLASSES>
      <root url="jar://$USER_HOME$/.gradle/caches/modules-2/files-2.1/org.springframework.boot/spring-boot-starter-tomcat/2.5.5/3fb58add8060ff5a6a17e08eeabca1e823c2f04a/spring-boot-starter-tomcat-2.5.5.jar!/" />
    </CLASSES>
    <JAVADOC />
    <SOURCES>
      <root url="jar://$USER_HOME$/.gradle/caches/modules-2/files-2.1/org.springframework.boot/spring-boot-starter-tomcat/2.5.5/860a4d212ade1e9272c7a55d9334a741c8f023dc/spring-boot-starter-tomcat-2.5.5-sources.jar!/" />
    </SOURCES>
  </library>
</component>