<component name="libraryTable">
  <library name="Gradle: com.google.guava:guava:21.0">
    <CLASSES>
      <root url="jar://$USER_HOME$/.gradle/caches/modules-2/files-2.1/com.google.guava/guava/21.0/3a3d111be1be1b745edfa7d91678a12d7ed38709/guava-21.0.jar!/" />
    </CLASSES>
    <JAVADOC />
    <SOURCES>
      <root url="jar://$USER_HOME$/.gradle/caches/modules-2/files-2.1/com.google.guava/guava/21.0/b9ed26b8c23fe7cd3e6b463b34e54e5c6d9536d5/guava-21.0-sources.jar!/" />
    </SOURCES>
  </library>
</component>