<component name="libraryTable">
  <library name="Gradle: software.amazon.awssdk:netty-nio-client:2.17.117">
    <CLASSES>
      <root url="jar://$USER_HOME$/.gradle/caches/modules-2/files-2.1/software.amazon.awssdk/netty-nio-client/2.17.117/e938385789c82c7a51ba36e92643788dce24483b/netty-nio-client-2.17.117.jar!/" />
    </CLASSES>
    <JAVADOC />
    <SOURCES>
      <root url="jar://$USER_HOME$/.gradle/caches/modules-2/files-2.1/software.amazon.awssdk/netty-nio-client/2.17.117/60d54927bc74391de26c1d58f08aa0df02c9662c/netty-nio-client-2.17.117-sources.jar!/" />
    </SOURCES>
  </library>
</component>