<component name="libraryTable">
  <library name="Gradle: software.amazon.awssdk:metrics-spi:2.17.117">
    <CLASSES>
      <root url="jar://$USER_HOME$/.gradle/caches/modules-2/files-2.1/software.amazon.awssdk/metrics-spi/2.17.117/5f7697d6605692992e1eaf065522c5e4c88bce6b/metrics-spi-2.17.117.jar!/" />
    </CLASSES>
    <JAVADOC />
    <SOURCES>
      <root url="jar://$USER_HOME$/.gradle/caches/modules-2/files-2.1/software.amazon.awssdk/metrics-spi/2.17.117/ac4d03b77b48e256b66af69083f99c58019fcf78/metrics-spi-2.17.117-sources.jar!/" />
    </SOURCES>
  </library>
</component>