<component name="libraryTable">
  <library name="Gradle: io.jsonwebtoken:jjwt:0.9.1">
    <CLASSES>
      <root url="jar://$USER_HOME$/.gradle/caches/modules-2/files-2.1/io.jsonwebtoken/jjwt/0.9.1/54d2abfc3e63a28824d35bf600d6a5d627da681a/jjwt-0.9.1.jar!/" />
    </CLASSES>
    <JAVADOC />
    <SOURCES>
      <root url="jar://$USER_HOME$/.gradle/caches/modules-2/files-2.1/io.jsonwebtoken/jjwt/0.9.1/4341772ad269e161a35d2d0ad66f4f6d2f5e79b9/jjwt-0.9.1-sources.jar!/" />
    </SOURCES>
  </library>
</component>