<component name="libraryTable">
  <library name="Gradle: org.apache.commons:commons-lang3:3.10">
    <CLASSES>
      <root url="jar://$USER_HOME$/.gradle/caches/modules-2/files-2.1/org.apache.commons/commons-lang3/3.10/e155460aaf5b464062a09c3923f089ce99128a17/commons-lang3-3.10.jar!/" />
    </CLASSES>
    <JAVADOC />
    <SOURCES>
      <root url="jar://$USER_HOME$/.gradle/caches/modules-2/files-2.1/org.apache.commons/commons-lang3/3.10/3dc6ed391f8199a461bfbdac4bf6d93f6e439de3/commons-lang3-3.10-sources.jar!/" />
    </SOURCES>
  </library>
</component>