<component name="libraryTable">
  <library name="Gradle: com.fasterxml.jackson.core:jackson-core:2.12.5">
    <ANNOTATIONS>
      <root url="jar://$MAVEN_REPOSITORY$/org/jetbrains/externalAnnotations/com/fasterxml/jackson/core/jackson-core/2.9.6-an1/jackson-core-2.9.6-an1-annotations.zip!/" />
    </ANNOTATIONS>
    <CLASSES>
      <root url="jar://$USER_HOME$/.gradle/caches/modules-2/files-2.1/com.fasterxml.jackson.core/jackson-core/2.12.5/725e364cc71b80e60fa450bd06d75cdea7fb2d59/jackson-core-2.12.5.jar!/" />
    </CLASSES>
    <JAVADOC />
    <SOURCES>
      <root url="jar://$USER_HOME$/.gradle/caches/modules-2/files-2.1/com.fasterxml.jackson.core/jackson-core/2.12.5/c85582cc77d4383286bad26c10ef4ed87d13e46a/jackson-core-2.12.5-sources.jar!/" />
    </SOURCES>
  </library>
</component>