<component name="libraryTable">
  <library name="Gradle: io.springfox:springfox-swagger-ui:3.0.0">
    <CLASSES>
      <root url="jar://$USER_HOME$/.gradle/caches/modules-2/files-2.1/io.springfox/springfox-swagger-ui/3.0.0/1e665fbe22148f7c36fa8a08e515a0047cd4390b/springfox-swagger-ui-3.0.0.jar!/" />
    </CLASSES>
    <JAVADOC />
    <SOURCES>
      <root url="jar://$USER_HOME$/.gradle/caches/modules-2/files-2.1/io.springfox/springfox-swagger-ui/3.0.0/9d66f2675d4890b1934ff79d4b64150bfb1bf7bb/springfox-swagger-ui-3.0.0-sources.jar!/" />
    </SOURCES>
  </library>
</component>