<component name="libraryTable">
  <library name="Gradle: org.objenesis:objenesis:3.2">
    <CLASSES>
      <root url="jar://$USER_HOME$/.gradle/caches/modules-2/files-2.1/org.objenesis/objenesis/3.2/7fadf57620c8b8abdf7519533e5527367cb51f09/objenesis-3.2.jar!/" />
    </CLASSES>
    <JAVADOC />
    <SOURCES>
      <root url="jar://$USER_HOME$/.gradle/caches/modules-2/files-2.1/org.objenesis/objenesis/3.2/9f5da90020a255f25b6d8da8db273e2d38ce9805/objenesis-3.2-sources.jar!/" />
    </SOURCES>
  </library>
</component>