<component name="libraryTable">
  <library name="Gradle: org.mockito:mockito-core:3.9.0">
    <CLASSES>
      <root url="jar://$USER_HOME$/.gradle/caches/modules-2/files-2.1/org.mockito/mockito-core/3.9.0/b7573430aea743b26434b44f4f46272af613e660/mockito-core-3.9.0.jar!/" />
    </CLASSES>
    <JAVADOC />
    <SOURCES>
      <root url="jar://$USER_HOME$/.gradle/caches/modules-2/files-2.1/org.mockito/mockito-core/3.9.0/3f2009c0b6ec7ed0274491dedd71bc4b9e19ab33/mockito-core-3.9.0-sources.jar!/" />
    </SOURCES>
  </library>
</component>