<component name="libraryTable">
  <library name="Gradle: software.amazon.awssdk:protocol-core:2.17.117">
    <CLASSES>
      <root url="jar://$USER_HOME$/.gradle/caches/modules-2/files-2.1/software.amazon.awssdk/protocol-core/2.17.117/6202bde3020e49fba6fd1e93ea74c4635d74d0d5/protocol-core-2.17.117.jar!/" />
    </CLASSES>
    <JAVADOC />
    <SOURCES>
      <root url="jar://$USER_HOME$/.gradle/caches/modules-2/files-2.1/software.amazon.awssdk/protocol-core/2.17.117/17bd3a9ccdd9f1484f4b03cac827ca8486f59411/protocol-core-2.17.117-sources.jar!/" />
    </SOURCES>
  </library>
</component>