<component name="libraryTable">
  <library name="Gradle: software.amazon.awssdk:annotations:2.17.117">
    <CLASSES>
      <root url="jar://$USER_HOME$/.gradle/caches/modules-2/files-2.1/software.amazon.awssdk/annotations/2.17.117/fa7225b377d7004119282a2edb93692e5c60472f/annotations-2.17.117.jar!/" />
    </CLASSES>
    <JAVADOC />
    <SOURCES>
      <root url="jar://$USER_HOME$/.gradle/caches/modules-2/files-2.1/software.amazon.awssdk/annotations/2.17.117/3d322ef0a3f292addbafc74cbdcc632cf753c9a2/annotations-2.17.117-sources.jar!/" />
    </SOURCES>
  </library>
</component>