<component name="libraryTable">
  <library name="Gradle: software.amazon.awssdk:dynamodb:2.17.117">
    <CLASSES>
      <root url="jar://$USER_HOME$/.gradle/caches/modules-2/files-2.1/software.amazon.awssdk/dynamodb/2.17.117/7a72859c4bfdb20151a6009402f9f5b0c150bd6b/dynamodb-2.17.117.jar!/" />
    </CLASSES>
    <JAVADOC />
    <SOURCES>
      <root url="jar://$USER_HOME$/.gradle/caches/modules-2/files-2.1/software.amazon.awssdk/dynamodb/2.17.117/74a73952409d76cd909f250cf3b6f3849abefeda/dynamodb-2.17.117-sources.jar!/" />
    </SOURCES>
  </library>
</component>