<component name="libraryTable">
  <library name="Gradle: com.amazonaws:aws-java-sdk-core:1.11.1000">
    <CLASSES>
      <root url="jar://$USER_HOME$/.gradle/caches/modules-2/files-2.1/com.amazonaws/aws-java-sdk-core/1.11.1000/4def6d29d4e249103bc32e656396b9eaac264798/aws-java-sdk-core-1.11.1000.jar!/" />
    </CLASSES>
    <JAVADOC />
    <SOURCES>
      <root url="jar://$USER_HOME$/.gradle/caches/modules-2/files-2.1/com.amazonaws/aws-java-sdk-core/1.11.1000/c972d480457f08cbcf80af17d38b8945d6b0b7b8/aws-java-sdk-core-1.11.1000-sources.jar!/" />
    </SOURCES>
  </library>
</component>