<component name="libraryTable">
  <library name="Gradle: com.fasterxml.jackson.module:jackson-module-parameter-names:2.12.5">
    <CLASSES>
      <root url="jar://$USER_HOME$/.gradle/caches/modules-2/files-2.1/com.fasterxml.jackson.module/jackson-module-parameter-names/2.12.5/2c85c2036d0851425a260c01eb5f7ddbed1eeb00/jackson-module-parameter-names-2.12.5.jar!/" />
    </CLASSES>
    <JAVADOC />
    <SOURCES>
      <root url="jar://$USER_HOME$/.gradle/caches/modules-2/files-2.1/com.fasterxml.jackson.module/jackson-module-parameter-names/2.12.5/89a31286d3a300d619dac1237a8d1f3e03538b51/jackson-module-parameter-names-2.12.5-sources.jar!/" />
    </SOURCES>
  </library>
</component>