<component name="libraryTable">
  <library name="Gradle: io.springfox:springfox-spring-webmvc:3.0.0">
    <CLASSES>
      <root url="jar://$USER_HOME$/.gradle/caches/modules-2/files-2.1/io.springfox/springfox-spring-webmvc/3.0.0/7ed22363fdfd651cd811c0b2391f16bddb91db8b/springfox-spring-webmvc-3.0.0.jar!/" />
    </CLASSES>
    <JAVADOC />
    <SOURCES>
      <root url="jar://$USER_HOME$/.gradle/caches/modules-2/files-2.1/io.springfox/springfox-spring-webmvc/3.0.0/e2c17762f172e9ed8a059a737d7ff742ba417ca2/springfox-spring-webmvc-3.0.0-sources.jar!/" />
    </SOURCES>
  </library>
</component>