<component name="libraryTable">
  <library name="Gradle: org.junit.jupiter:junit-jupiter-engine:5.7.2">
    <CLASSES>
      <root url="jar://$USER_HOME$/.gradle/caches/modules-2/files-2.1/org.junit.jupiter/junit-jupiter-engine/5.7.2/9415680a889f00b8205a094c5c487bc69dc7077d/junit-jupiter-engine-5.7.2.jar!/" />
    </CLASSES>
    <JAVADOC />
    <SOURCES>
      <root url="jar://$USER_HOME$/.gradle/caches/modules-2/files-2.1/org.junit.jupiter/junit-jupiter-engine/5.7.2/7c0d81d9af26a35e3f552eaaad2aa6867218d534/junit-jupiter-engine-5.7.2-sources.jar!/" />
    </SOURCES>
  </library>
</component>