<component name="libraryTable">
  <library name="Gradle: io.springfox:springfox-swagger-common:3.0.0">
    <CLASSES>
      <root url="jar://$USER_HOME$/.gradle/caches/modules-2/files-2.1/io.springfox/springfox-swagger-common/3.0.0/2e2fae840984cfcabfd50e1b4b1c23422135ba12/springfox-swagger-common-3.0.0.jar!/" />
    </CLASSES>
    <JAVADOC />
    <SOURCES>
      <root url="jar://$USER_HOME$/.gradle/caches/modules-2/files-2.1/io.springfox/springfox-swagger-common/3.0.0/3d4bd6200d8e3dc304ac06c1efd753ffd2cb0469/springfox-swagger-common-3.0.0-sources.jar!/" />
    </SOURCES>
  </library>
</component>