<component name="libraryTable">
  <library name="Gradle: org.apiguardian:apiguardian-api:1.1.0">
    <CLASSES>
      <root url="jar://$USER_HOME$/.gradle/caches/modules-2/files-2.1/org.apiguardian/apiguardian-api/1.1.0/fc9dff4bb36d627bdc553de77e1f17efd790876c/apiguardian-api-1.1.0.jar!/" />
    </CLASSES>
    <JAVADOC />
    <SOURCES>
      <root url="jar://$USER_HOME$/.gradle/caches/modules-2/files-2.1/org.apiguardian/apiguardian-api/1.1.0/f3c15fe970af864390c8d0634c9f16aca1b064a8/apiguardian-api-1.1.0-sources.jar!/" />
    </SOURCES>
  </library>
</component>