<component name="libraryTable">
  <library name="Gradle: software.amazon.awssdk:apache-client:2.17.117">
    <CLASSES>
      <root url="jar://$USER_HOME$/.gradle/caches/modules-2/files-2.1/software.amazon.awssdk/apache-client/2.17.117/28b3bc5f925e0c58734765b9b2fa4a5cbb4eade7/apache-client-2.17.117.jar!/" />
    </CLASSES>
    <JAVADOC />
    <SOURCES>
      <root url="jar://$USER_HOME$/.gradle/caches/modules-2/files-2.1/software.amazon.awssdk/apache-client/2.17.117/be199c506318dc548b821888bd1dd4b7a0c64f88/apache-client-2.17.117-sources.jar!/" />
    </SOURCES>
  </library>
</component>