<component name="libraryTable">
  <library name="Gradle: org.springframework.data:spring-data-redis:2.5.5">
    <CLASSES>
      <root url="jar://$USER_HOME$/.gradle/caches/modules-2/files-2.1/org.springframework.data/spring-data-redis/2.5.5/18aaebb40674849d17f7d84ca2c33b6eda2a7147/spring-data-redis-2.5.5.jar!/" />
    </CLASSES>
    <JAVADOC />
    <SOURCES>
      <root url="jar://$USER_HOME$/.gradle/caches/modules-2/files-2.1/org.springframework.data/spring-data-redis/2.5.5/6bb55c52dada18dba7f12d2ed0580b1e19a8925/spring-data-redis-2.5.5-sources.jar!/" />
    </SOURCES>
  </library>
</component>