<component name="libraryTable">
  <library name="Gradle: software.amazon.awssdk:sdk-core:2.17.117">
    <CLASSES>
      <root url="jar://$USER_HOME$/.gradle/caches/modules-2/files-2.1/software.amazon.awssdk/sdk-core/2.17.117/72616fa55175bd90c664a4d501d823d42cfe89b6/sdk-core-2.17.117.jar!/" />
    </CLASSES>
    <JAVADOC />
    <SOURCES>
      <root url="jar://$USER_HOME$/.gradle/caches/modules-2/files-2.1/software.amazon.awssdk/sdk-core/2.17.117/55cf47b29332189d2ba6bbdd47c0dc6781f3de21/sdk-core-2.17.117-sources.jar!/" />
    </SOURCES>
  </library>
</component>