<component name="libraryTable">
  <library name="Gradle: ch.qos.logback:logback-classic:1.2.6">
    <CLASSES>
      <root url="jar://$USER_HOME$/.gradle/caches/modules-2/files-2.1/ch.qos.logback/logback-classic/1.2.6/b09efa852337fa0dd9859614389eec58dc287116/logback-classic-1.2.6.jar!/" />
    </CLASSES>
    <JAVADOC />
    <SOURCES>
      <root url="jar://$USER_HOME$/.gradle/caches/modules-2/files-2.1/ch.qos.logback/logback-classic/1.2.6/c4aea6a11cb3d22019ea55c9a53ca465afebb344/logback-classic-1.2.6-sources.jar!/" />
    </SOURCES>
  </library>
</component>