<component name="libraryTable">
  <library name="Gradle: com.amazonaws:aws-java-sdk-s3control:1.11.1000">
    <CLASSES>
      <root url="jar://$USER_HOME$/.gradle/caches/modules-2/files-2.1/com.amazonaws/aws-java-sdk-s3control/1.11.1000/c1600761427751a70acfb6085cba158419daf07f/aws-java-sdk-s3control-1.11.1000.jar!/" />
    </CLASSES>
    <JAVADOC />
    <SOURCES>
      <root url="jar://$USER_HOME$/.gradle/caches/modules-2/files-2.1/com.amazonaws/aws-java-sdk-s3control/1.11.1000/8b5ad4bbefb2e072842f71a840ccf0a573e89441/aws-java-sdk-s3control-1.11.1000-sources.jar!/" />
    </SOURCES>
  </library>
</component>