<component name="libraryTable">
  <library name="Gradle: ch.qos.logback:logback-core:1.2.6">
    <CLASSES>
      <root url="jar://$USER_HOME$/.gradle/caches/modules-2/files-2.1/ch.qos.logback/logback-core/1.2.6/25be1abb32e870ff042e698a799b56587e0dca9a/logback-core-1.2.6.jar!/" />
    </CLASSES>
    <JAVADOC />
    <SOURCES>
      <root url="jar://$USER_HOME$/.gradle/caches/modules-2/files-2.1/ch.qos.logback/logback-core/1.2.6/2c59d37fdc293ee9329ebb0bb22bc709eafa1f56/logback-core-1.2.6-sources.jar!/" />
    </SOURCES>
  </library>
</component>