<component name="libraryTable">
  <library name="Gradle: org.yaml:snakeyaml:1.28">
    <CLASSES>
      <root url="jar://$USER_HOME$/.gradle/caches/modules-2/files-2.1/org.yaml/snakeyaml/1.28/7cae037c3014350c923776548e71c9feb7a69259/snakeyaml-1.28.jar!/" />
    </CLASSES>
    <JAVADOC />
    <SOURCES>
      <root url="jar://$USER_HOME$/.gradle/caches/modules-2/files-2.1/org.yaml/snakeyaml/1.28/1df44bcfb045ca926511dae52d4857b8b3721d31/snakeyaml-1.28-sources.jar!/" />
    </SOURCES>
  </library>
</component>