<component name="libraryTable">
  <library name="Gradle: org.slf4j:jul-to-slf4j:1.7.32">
    <CLASSES>
      <root url="jar://$USER_HOME$/.gradle/caches/modules-2/files-2.1/org.slf4j/jul-to-slf4j/1.7.32/8a055c04ab44e8e8326901cadf89080721348bdb/jul-to-slf4j-1.7.32.jar!/" />
    </CLASSES>
    <JAVADOC />
    <SOURCES>
      <root url="jar://$USER_HOME$/.gradle/caches/modules-2/files-2.1/org.slf4j/jul-to-slf4j/1.7.32/d03fa92a2a508b5595b896b93f13f04bcde11171/jul-to-slf4j-1.7.32-sources.jar!/" />
    </SOURCES>
  </library>
</component>