<component name="InspectionProjectProfileManager">
  <profile version="1.0">
    <option name="myName" value="Project Default" />
    <inspection_tool class="CssUnknownTarget" enabled="false" level="ERROR" enabled_by_default="false" />
    <inspection_tool class="DuplicatedCode" enabled="false" level="WEAK WARNING" enabled_by_default="false" />
    <inspection_tool class="Duplicates" enabled="false" level="WARNING" enabled_by_default="false" />
    <inspection_tool class="JSMethodCanBeStatic" enabled="false" level="WARNING" enabled_by_default="false" />
    <inspection_tool class="SpellCheckingInspection" enabled="false" level="TYPO" enabled_by_default="false">
      <option name="processCode" value="true" />
      <option name="processLiterals" value="true" />
      <option name="processComments" value="true" />
    </inspection_tool>
    <inspection_tool class="SqlDialectInspection" enabled="false" level="WARNING" enabled_by_default="false" />
    <inspection_tool class="TypeScriptValidateTypes" enabled="false" level="ERROR" enabled_by_default="false" />
  </profile>
</component>