<?xml version="1.0" encoding="UTF-8"?>
<project version="4">
  <component name="CompilerConfiguration">
    <annotationProcessing>
      <profile default="true" name="Default" enabled="true" />
      <profile name="Gradle Imported" enabled="true">
        <outputRelativeToContentRoot value="true" />
        <processorPath useClasspath="false">
          <entry name="$USER_HOME$/.gradle/caches/modules-2/files-2.1/org.projectlombok/lombok/1.18.20/18bcea7d5df4d49227b4a0743a536208ce4825bb/lombok-1.18.20.jar" />
        </processorPath>
        <module name="kr.co.celsis.main" />
        <module name="kr.co.celsis.test" />
      </profile>
    </annotationProcessing>
    <bytecodeTargetLevel>
      <module name="kr.co.celsis" target="1.8" />
      <module name="kr.co.celsis.main" target="1.8" />
      <module name="kr.co.celsis.test" target="1.8" />
    </bytecodeTargetLevel>
  </component>
</project>