<?xml version="1.0" encoding="UTF-8"?>
<project version="4">
  <component name="GradleMigrationSettings" migrationVersion="1" />
  <component name="GradleSettings">
    <option name="linkedExternalProjectsSettings">
      <GradleProjectSettings>
        <option name="delegatedBuild" value="false" />
        <option name="testRunner" value="PLATFORM" />
        <option name="distributionType" value="DEFAULT_WRAPPED" />
        <option name="externalProjectPath" value="$PROJECT_DIR$/backendSpring" />
        <option name="gradleHome" value="C:/gradle-6.9.1" />
        <option name="modules">
          <set>
            <option value="$PROJECT_DIR$/backendSpring" />
          </set>
        </option>
      </GradleProjectSettings>
    </option>
  </component>
</project>