<?xml version="1.0" encoding="UTF-8"?>
<project version="4">
  <component name="FrameworkDetectionExcludesConfiguration">
    <file type="web" url="file://$PROJECT_DIR$/backendSpring" />
  </component>
  <component name="JavaScriptSettings">
    <option name="languageLevel" value="ES6" />
  </component>
  <component name="PWA">
    <option name="enabled" value="true" />
    <option name="wasEnabledAtLeastOnce" value="true" />
  </component>
  <component name="ProjectRootManager" version="2" languageLevel="JDK_1_8" project-jdk-name="1.8" project-jdk-type="JavaSDK">
    <output url="file://$PROJECT_DIR$/classes" />
  </component>
  <component name="SvnBranchConfigurationManager">
    <option name="myConfigurationMap">
      <map>
        <entry key="$PROJECT_DIR$">
          <value>
            <SvnBranchConfiguration>
              <option name="branchUrls">
                <list>
                  <option value="svn://211.253.10.234:13690/dax1/design" />
                  <option value="svn://211.253.10.234:13690/dax1/doc" />
                  <option value="svn://211.253.10.234:13690/dax1/tools" />
                </list>
              </option>
              <option name="trunkUrl" value="svn://211.253.10.234:13690/dax1/trunk" />
            </SvnBranchConfiguration>
          </value>
        </entry>
      </map>
    </option>
  </component>
</project>