<?xml version="1.0" encoding="UTF-8"?>
<project version="4">
  <component name="ProjectModuleManager">
    <modules>
      <module fileurl="file://$PROJECT_DIR$/.idea/celsis.iml" filepath="$PROJECT_DIR$/.idea/celsis.iml" />
      <module fileurl="file://$PROJECT_DIR$/frontend/frontend.iml" filepath="$PROJECT_DIR$/frontend/frontend.iml" />
      <module fileurl="file://$PROJECT_DIR$/.idea/modules/kr.co.celsis.iml" filepath="$PROJECT_DIR$/.idea/modules/kr.co.celsis.iml" />
      <module fileurl="file://$PROJECT_DIR$/.idea/modules/kr.co.celsis.main.iml" filepath="$PROJECT_DIR$/.idea/modules/kr.co.celsis.main.iml" />
      <module fileurl="file://$PROJECT_DIR$/.idea/modules/kr.co.celsis.test.iml" filepath="$PROJECT_DIR$/.idea/modules/kr.co.celsis.test.iml" />
      <module fileurl="file://$PROJECT_DIR$/.idea/main.iml" filepath="$PROJECT_DIR$/.idea/main.iml" />
    </modules>
  </component>
</project>