<?xml version="1.0" encoding="UTF-8"?>
<project version="4">
  <component name="AutoImportSettings">
    <option name="autoReloadType" value="SELECTIVE" />
  </component>
  <component name="ChangeListManager">
    <list default="true" id="f87e8dad-7251-4674-afb7-c53cd4e399f3" name="변경" comment="연동 서비스 추가&#10;&#9;com.celsis.domain.common.service.linkage.LinkageService&#10;&#9;com.celsis.domain.common.mapper.linkage.LinkageMapper&#10;&#9;backendSpring/src/main/resources/mapper/linkage/LinkageMapper.xml&#10;연동 서비스 샘플 URL&#10;&#9;http://localhost:8070/linkage?action=LINKAGE_SAMPLE&#10;&#9;http://localhost:8070/linkage?action=DATA_SAMPLE&amp;ParamData=주소에서받은값&#10;&#10;Get방식으로 서비스 호출시 url 인자가 Parameter(HashMap)로 설정되도록 처리" />
    <option name="SHOW_DIALOG" value="false" />
    <option name="HIGHLIGHT_CONFLICTS" value="true" />
    <option name="HIGHLIGHT_NON_ACTIVE_CHANGELIST" value="false" />
    <option name="LAST_RESOLUTION" value="IGNORE" />
  </component>
  <component name="ChangesViewManager">
    <option name="groupingKeys">
      <option value="directory" />
    </option>
  </component>
  <component name="CommittedChangesCache">
    <option name="refreshEnabled" value="true" />
  </component>
  <component name="CoverageDataManager">
    <SUITE FILE_PATH="coverage/celsis$Server.ic" NAME="Server Coverage Results" MODIFIED="1544348298024" SOURCE_PROVIDER="com.intellij.coverage.DefaultCoverageFileProvider" RUNNER="idea" COVERAGE_BY_TEST_ENABLED="false" COVERAGE_TRACING_ENABLED="false">
      <FILTER>com.celsis.server.*</FILTER>
    </SUITE>
  </component>
  <component name="CoverageViewManager">
    <option name="myElementSize" value="150" />
  </component>
  <component name="DefaultGradleProjectSettings">
    <option name="isMigrated" value="true" />
  </component>
  <component name="ExternalProjectsData">
    <projectState path="$PROJECT_DIR$">
      <ProjectState />
    </projectState>
    <projectState path="$PROJECT_DIR$/backendSpring">
      <ProjectState />
    </projectState>
  </component>
  <component name="ExternalProjectsManager">
    <system id="GRADLE">
      <state>
        <task path="$PROJECT_DIR$/backendSpring">
          <activation />
        </task>
        <projects_view>
          <tree_state>
            <expand>
              <path>
                <item name="" type="6a2764b6:ExternalProjectsStructure$RootNode" />
                <item name="celsis" type="f1a62948:ProjectNode" />
              </path>
              <path>
                <item name="" type="6a2764b6:ExternalProjectsStructure$RootNode" />
                <item name="celsis" type="f1a62948:ProjectNode" />
                <item name="Tasks" type="e4a08cd1:TasksNode" />
              </path>
              <path>
                <item name="" type="6a2764b6:ExternalProjectsStructure$RootNode" />
                <item name="celsis" type="f1a62948:ProjectNode" />
                <item name="Tasks" type="e4a08cd1:TasksNode" />
                <item name="build" type="c8890929:TasksNode$1" />
              </path>
              <path>
                <item name="" type="6a2764b6:ExternalProjectsStructure$RootNode" />
                <item name="celsis" type="f1a62948:ProjectNode" />
                <item name="Dependencies" type="6de06a37:ExternalSystemViewDefaultContributor$MyDependenciesNode" />
              </path>
            </expand>
            <select />
          </tree_state>
        </projects_view>
      </state>
    </system>
  </component>
  <component name="FileTemplateManagerImpl">
    <option name="RECENT_TEMPLATES">
      <list>
        <option value="JavaScript File" />
        <option value="Class" />
        <option value="TypeScript JSX File" />
        <option value="CSS File" />
        <option value="TypeScript File" />
        <option value="Vue Single File Component" />
      </list>
    </option>
  </component>
  <component name="Git.Settings">
    <option name="PREVIOUS_COMMIT_AUTHORS">
      <list>
        <option value="emit &lt;hjy@logsynk.com&gt;" />
      </list>
    </option>
    <option name="RECENT_GIT_ROOT_PATH" value="$PROJECT_DIR$" />
    <option name="RESET_MODE" value="MIXED" />
    <option name="UPDATE_TYPE" value="REBASE" />
  </component>
  <component name="GitSEFilterConfiguration">
    <file-type-list>
      <filtered-out-file-type name="LOCAL_BRANCH" />
      <filtered-out-file-type name="REMOTE_BRANCH" />
      <filtered-out-file-type name="TAG" />
      <filtered-out-file-type name="COMMIT_BY_MESSAGE" />
    </file-type-list>
  </component>
  <component name="HighlightingSettingsPerFile">
    <setting file="file://$PROJECT_DIR$/frontend/src/api/auth-api.ts" root0="SKIP_INSPECTION" />
    <setting file="file://$PROJECT_DIR$/backendSpring/src/main/resources/mapper/UserMapper.xml" root0="SKIP_INSPECTION" />
    <setting file="file://$PROJECT_DIR$/backendSpring/src/main/resources/mapper/admin/ProductMapper.xml" root0="SKIP_INSPECTION" />
    <setting file="file://$PROJECT_DIR$/backendSpring/src/main/resources/mapper/linkage/LinkageMapper.xml" root0="SKIP_INSPECTION" />
    <setting file="file://$PROJECT_DIR$/backendSpring/src/main/resources/mapper/MainMapper.xml" root0="SKIP_INSPECTION" />
    <setting file="file://$PROJECT_DIR$/backendSpring/src/main/java/com/celsis/domain/common/controller/DataController.java" root0="SKIP_INSPECTION" />
    <setting file="file://$PROJECT_DIR$/backendSpring/src/main/java/com/celsis/domain/common/controller/BaseDataController.java" root0="SKIP_INSPECTION" />
    <setting file="file://$PROJECT_DIR$/backendSpring/src/main/resources/mapper/admin/SolutionMapper.xml" root0="SKIP_INSPECTION" />
  </component>
  <component name="JsBowerSettings">
    <bower-package value="" />
    <bower.json value="" />
  </component>
  <component name="JupyterTrust" id="a1c5254f-ff20-49cd-ae23-ffd87cc1884f" />
  <component name="MarkdownSettingsMigration">
    <option name="stateVersion" value="1" />
  </component>
  <component name="ProblemsViewState">
    <hideBySeverity>
      <option value="200" />
      <option value="300" />
    </hideBySeverity>
    <option name="selectedTabId" value="CurrentFile" />
  </component>
  <component name="ProjectId" id="1hBljhF3JlQjyUQ3cvOLj4k9K96" />
  <component name="ProjectViewState">
    <option name="flattenPackages" value="true" />
    <option name="hideEmptyMiddlePackages" value="true" />
    <option name="showExcludedFiles" value="false" />
    <option name="showLibraryContents" value="true" />
  </component>
  <component name="PropertiesComponent">
    <property name="GitStage.ChangesTree.GroupingKeys" value="module&#10;repository&#10;directory" />
    <property name="RequestMappingsPanelOrder0" value="0" />
    <property name="RequestMappingsPanelOrder1" value="1" />
    <property name="RequestMappingsPanelWidth0" value="75" />
    <property name="RequestMappingsPanelWidth1" value="75" />
    <property name="RunOnceActivity.OpenProjectViewOnStart" value="true" />
    <property name="RunOnceActivity.ShowReadmeOnStart" value="true" />
    <property name="TODO_SCOPE" value="모든 위치" />
    <property name="WebServerToolWindowFactoryState" value="false" />
    <property name="last_opened_file_path" value="$PROJECT_DIR$" />
    <property name="node.js.detected.package.eslint" value="true" />
    <property name="node.js.detected.package.stylelint" value="true" />
    <property name="node.js.selected.package.eslint" value="(autodetect)" />
    <property name="node.js.selected.package.stylelint" value="" />
    <property name="nodejs_package_manager_path" value="npm" />
    <property name="prettierjs.PrettierConfiguration.Package" value="D:\00Project\personal\celsis\workspace\celsisapp\frontend\node_modules\prettier" />
    <property name="project.structure.last.edited" value="라이브러리" />
    <property name="project.structure.proportion" value="0.15" />
    <property name="project.structure.side.proportion" value="0.46666667" />
    <property name="settings.editor.selected.configurable" value="spring.boot" />
    <property name="ts.external.directory.path" value="C:\Program Files\JetBrains\IntelliJ IDEA 2021.3.1\plugins\JavaScriptLanguage\jsLanguageServicesImpl\external" />
    <property name="vue.rearranger.settings.migration" value="true" />
  </component>
  <component name="ReactorSettings">
    <option name="notificationShown" value="true" />
  </component>
  <component name="RecentsManager">
    <key name="CopyFile.RECENT_KEYS">
      <recent name="D:\00Project\personal\celsis\workspace\celsisapp\frontend\src\pages\desktop\content\solution" />
      <recent name="D:\00Project\personal\celsis\workspace\celsisapp\backendSpring\src\main\resources\mapper\linkage" />
      <recent name="D:\00Project\personal\celsis\workspace\celsisapp\backendSpring\src\main\resources" />
      <recent name="D:\00Project\personal\celsis\workspace\celsisapp\frontend\src\api\auth-api" />
      <recent name="D:\00Project\personal\celsis\workspace\celsisapp\backendSpring\src\main\resources\mapper\admin" />
    </key>
    <key name="MoveFile.RECENT_KEYS">
      <recent name="D:\00Project\personal\celsis\workspace\celsisapp\frontend\src\api\auth-api" />
      <recent name="D:\00Project\personal\celsis\workspace\celsisapp\frontend\src\components" />
      <recent name="D:\00Project\personal\celsis\workspace\celsisapp\frontend\src\_dev" />
      <recent name="D:\00Project\personal\celsis\workspace\celsisapp\frontend\src\pages\login" />
      <recent name="D:\00Project\personal\celsis\workspace\celsisapp\frontend\src\pages\login\id" />
    </key>
    <key name="CopyClassDialog.RECENTS_KEY">
      <recent name="com.celsis.domain.common.mapper.linkage" />
      <recent name="com.celsis.domain.common.service.linkage" />
      <recent name="com.celsis.domain.common.controller" />
      <recent name="com.celsis.domain.common.service" />
      <recent name="com.celsis.domain.common.service.admin" />
    </key>
  </component>
  <component name="RunAnythingCache">
    <option name="myCommands">
      <command value="II_K_IMMINE" />
    </option>
  </component>
  <component name="RunDashboard">
    <option name="configurationTypes">
      <set>
        <option value="SpringBootApplicationConfigurationType" />
      </set>
    </option>
  </component>
  <component name="RunManager" selected="Spring Boot.CelsisApplication">
    <configuration default="true" type="ArquillianJUnit" factoryName="" nameIsGenerated="true">
      <option name="arquillianRunConfiguration">
        <value>
          <option name="containerStateName" value="" />
        </value>
      </option>
      <option name="TEST_OBJECT" value="class" />
      <method v="2">
        <option name="Make" enabled="true" />
      </method>
    </configuration>
    <configuration name="Server" type="Application" factoryName="Application" nameIsGenerated="true">
      <option name="MAIN_CLASS_NAME" value="com.celsis.server.Server" />
      <module name="main" />
      <extension name="coverage">
        <pattern>
          <option name="PATTERN" value="com.celsis.server.*" />
          <option name="ENABLED" value="true" />
        </pattern>
      </extension>
      <method v="2">
        <option name="Make" enabled="true" />
      </method>
    </configuration>
    <configuration name="backendSpring [bootJar]" type="GradleRunConfiguration" factoryName="Gradle" temporary="true">
      <ExternalSystemSettings>
        <option name="executionName" />
        <option name="externalProjectPath" value="$PROJECT_DIR$/backendSpring" />
        <option name="externalSystemIdString" value="GRADLE" />
        <option name="scriptParameters" />
        <option name="taskDescriptions">
          <list />
        </option>
        <option name="taskNames">
          <list>
            <option value="bootJar" />
          </list>
        </option>
        <option name="vmOptions" />
      </ExternalSystemSettings>
      <ExternalSystemDebugServerProcess>true</ExternalSystemDebugServerProcess>
      <ExternalSystemReattachDebugProcess>true</ExternalSystemReattachDebugProcess>
      <DebugAllEnabled>false</DebugAllEnabled>
      <method v="2" />
    </configuration>
    <configuration name="backendSpring [build]" type="GradleRunConfiguration" factoryName="Gradle" temporary="true">
      <ExternalSystemSettings>
        <option name="executionName" />
        <option name="externalProjectPath" value="$PROJECT_DIR$/backendSpring" />
        <option name="externalSystemIdString" value="GRADLE" />
        <option name="scriptParameters" />
        <option name="taskDescriptions">
          <list />
        </option>
        <option name="taskNames">
          <list>
            <option value="build" />
          </list>
        </option>
        <option name="vmOptions" />
      </ExternalSystemSettings>
      <ExternalSystemDebugServerProcess>true</ExternalSystemDebugServerProcess>
      <ExternalSystemReattachDebugProcess>true</ExternalSystemReattachDebugProcess>
      <DebugAllEnabled>false</DebugAllEnabled>
      <method v="2" />
    </configuration>
    <configuration name="CelsisApplication" type="SpringBootApplicationConfigurationType" factoryName="Spring Boot">
      <module name="kr.co.celsis.main" />
      <option name="SPRING_BOOT_MAIN_CLASS" value="com.celsis.CelsisApplication" />
      <option name="VM_PARAMETERS" value="-Dspring.profiles.active=cyg" />
      <option name="ALTERNATIVE_JRE_PATH" />
      <method v="2">
        <option name="Make" enabled="true" />
      </method>
    </configuration>
    <configuration name="quasar dev" type="js.build_tools.npm">
      <package-json value="$PROJECT_DIR$/frontend/package.json" />
      <command value="run" />
      <scripts>
        <script value="dev" />
      </scripts>
      <node-interpreter value="project" />
      <envs />
      <method v="2" />
    </configuration>
    <list>
      <item itemvalue="Gradle.backendSpring [bootJar]" />
      <item itemvalue="Gradle.backendSpring [build]" />
      <item itemvalue="npm.quasar dev" />
      <item itemvalue="Spring Boot.CelsisApplication" />
      <item itemvalue="애플리케이션.Server" />
    </list>
    <recent_temporary>
      <list>
        <item itemvalue="Gradle.backendSpring [build]" />
        <item itemvalue="Gradle.backendSpring [bootJar]" />
      </list>
    </recent_temporary>
  </component>
  <component name="SpellCheckerSettings" RuntimeDictionaries="0" Folders="0" CustomDictionaries="0" DefaultDictionary="application-level" UseSingleDictionary="true" transferred="true" />
  <component name="TaskManager">
    <task active="true" id="Default" summary="디폴트 작업">
      <changelist id="f87e8dad-7251-4674-afb7-c53cd4e399f3" name="변경" comment="" />
      <created>1641492391578</created>
      <option name="number" value="Default" />
      <option name="presentableId" value="Default" />
      <updated>1641492391578</updated>
      <workItem from="1641492397471" duration="15000" />
      <workItem from="1641492427169" duration="87000" />
      <workItem from="1641492534730" duration="159000" />
      <workItem from="1641492705780" duration="105000" />
      <workItem from="1641492819552" duration="107561000" />
      <workItem from="1641796633963" duration="1468000" />
      <workItem from="1641798151607" duration="1669000" />
      <workItem from="1641799875722" duration="582000" />
      <workItem from="1641800493603" duration="47128000" />
      <workItem from="1641917951882" duration="6547000" />
      <workItem from="1642039442819" duration="987000" />
      <workItem from="1642134530956" duration="131000" />
      <workItem from="1642178765926" duration="119533000" />
      <workItem from="1642601204700" duration="211000" />
      <workItem from="1642601441168" duration="198000" />
      <workItem from="1642601672433" duration="347000" />
      <workItem from="1642602058235" duration="4170000" />
      <workItem from="1642607533446" duration="57000" />
      <workItem from="1642607613109" duration="230000" />
      <workItem from="1642607871428" duration="39000" />
      <workItem from="1642607932663" duration="35000" />
      <workItem from="1642608007334" duration="174000" />
      <workItem from="1642608218285" duration="25000" />
      <workItem from="1642608266582" duration="25000" />
      <workItem from="1642608312078" duration="637000" />
      <workItem from="1642609566698" duration="286000" />
      <workItem from="1642610950581" duration="9237000" />
      <workItem from="1642666634783" duration="101755000" />
      <workItem from="1643043892724" duration="50078000" />
      <workItem from="1643388798390" duration="2000" />
      <workItem from="1643388864821" duration="738000" />
      <workItem from="1643392719258" duration="49626000" />
      <workItem from="1643557014166" duration="544000" />
      <workItem from="1643557632905" duration="1448000" />
      <workItem from="1643559486393" duration="206821000" />
      <workItem from="1644327215118" duration="14797000" />
      <workItem from="1644394255954" duration="790000" />
    </task>
    <task id="LOCAL-00001" summary="Gradle and Maven with auto-import 대상 제외">
      <created>1641493355166</created>
      <option name="number" value="00001" />
      <option name="presentableId" value="LOCAL-00001" />
      <option name="project" value="LOCAL" />
      <updated>1641493355166</updated>
    </task>
    <task id="LOCAL-00002" summary="workspace 수정">
      <created>1641493516116</created>
      <option name="number" value="00002" />
      <option name="presentableId" value="LOCAL-00002" />
      <option name="project" value="LOCAL" />
      <updated>1641493516116</updated>
    </task>
    <task id="LOCAL-00003" summary="설치및배포 modules.xml.copy 추가">
      <created>1641493643627</created>
      <option name="number" value="00003" />
      <option name="presentableId" value="LOCAL-00003" />
      <option name="project" value="LOCAL" />
      <updated>1641493643627</updated>
    </task>
    <task id="LOCAL-00004" summary="[backendSpring]&#10;1. SELECT_LOGIN 쿼리 적용&#10;2. 서버 로그인 REST API 및 기능 구현&#10;3. application.yml : 포트번호 8000 =&gt; 8070 으로 변경&#10;4. application-dev.yml : datasource 추가 현재는 운영 DB로 설정함&#10;5. DataController : runMehthod 함수에 getSuperclass 기능추가(상위 클래스의 함수도 찾을 수 있도록함)&#10;6. User 클래스에 멤버 정보를 SELECT_LOGIN과 같도록 현행화">
      <created>1641881868296</created>
      <option name="number" value="00004" />
      <option name="presentableId" value="LOCAL-00004" />
      <option name="project" value="LOCAL" />
      <updated>1641881868296</updated>
    </task>
    <task id="LOCAL-00005" summary="[frontend]&#10;1. 개발용 페이지: http://localhost:8000/#/dev&#10;2. 개발용 페이지에서 PopupSample 확인 가능&#10;3. 운영 화면 메뉴: frontend/src/types/Menus.ts &#10;4. 개발 화면 메뉴: frontend/src/types/MenusDev.ts &#10;5. Staff 메인 구현&#10;6. My 메인 화면 구현&#10;7. 테스트를 위한 Staff On/Off 버튼 추가&#10;8. frontend 라이브러리 최신 버전으로 현행화">
      <created>1641887230631</created>
      <option name="number" value="00005" />
      <option name="presentableId" value="LOCAL-00005" />
      <option name="project" value="LOCAL" />
      <updated>1641887230631</updated>
    </task>
    <task id="LOCAL-00006" summary="[backendSpring]&#10;1. 로그인시 RSA 암호화 적용&#10;2. TEA 암호화 클래스 적용&#10;3. AES 암호화 클래스 적용&#10;4. ResultResponse 클래스 추가&#10;5. ResponseService 기본 인터페이스를 BaseResponse에서 ResultResponse로 변경&#10;6. AuthController&#10;   signin: 로그인 암호화 적용&#10;   라스트 로그인 시간 적용&#10;7. DataController&#10;   /getkey: RSA 키 정보&#10;   /service: 로그인시 사용할 수 있는 서비스&#10;   /data: 서버 설정에 따른 암호화 및 복호화 기능 적용&#10;   serviceMehthod: 서비스단에서 사용하는 기능을 실행할 수 있도록 처리&#10;                         리턴 결과에 대한 타입을 BaseResponse 외에 int, string.... 타입도 지원하도록 처리&#10;   에러 발생시 클라이언트에 상세 메세지를 보낼 수 있도록 보완">
      <created>1642496638103</created>
      <option name="number" value="00006" />
      <option name="presentableId" value="LOCAL-00006" />
      <option name="project" value="LOCAL" />
      <updated>1642496638103</updated>
    </task>
    <task id="LOCAL-00007" summary="[frontend]&#10;1. Emittery 라이브러리 추가(이벤트 전파용)&#10;2. 아이디 찾기&#10;3. 비밀번호 찾기&#10;4. 개발페이지 기능 강화&#10;5. 공통 메세지 창 추가&#10;6. 화면에서 i18n 사용 방법 변경 (src/types/i18n.ts : makeI18nKeys에서 생성된 키를 등록해서 사용할 수 있도록)&#10;7. Menus, MenusDev 사용 체계 변경(MenuPages), ViewPages 에 Page를 등록해서 사용할 수 있도록 변경&#10;8. auth-api 에 암호화/복호화 기능 적용&#10;9. axios 에러를 공통 메세지 창 출력&#10;10. 기타.... 많은 내용 적용됨(너무 많아서 생략)&#10;&#10;아래 화면에서 Emittery, 공통 메세지 창 확인 가능&#10;http://localhost:8000/#/dev/EventEmitter">
      <created>1642497242196</created>
      <option name="number" value="00007" />
      <option name="presentableId" value="LOCAL-00007" />
      <option name="project" value="LOCAL" />
      <updated>1642497242196</updated>
    </task>
    <task id="LOCAL-00008" summary="[frontend]&#10;로그 출력 기능 추가&#10;개발 모드에서만 개발도구 콘솔창에서 확인 가능&#10;&#10;[추가 소스]&#10;src/utils/logger.ts&#10;&#10;[지원 API]&#10;$log(...params: any)&#10;$info(...params: any)&#10;$warn(...params: any)&#10;$debug(...params: any)&#10;$error(...params: any)&#10;$table(...params: any)&#10;$trace(...params: any)&#10;&#10;[사용방법]&#10;$debug('request', config)&#10;$error(errors)&#10;$table(result)&#10;&#10;$debug: 콘솔 Custom Levels &gt; Verbose 체크된 경우에 로그 출력됨&#10;$info: 콘솔 Custom Levels &gt; Info 체크된 경우에 로그 출력됨&#10;$warn: 콘솔 Custom Levels &gt; Warnings 체크된 경우에 로그 출력됨&#10;$error: 콘솔 Custom Levels &gt; Errors 체크된 경우에 로그 출력됨&#10;&#10;[HTTP]&#10;1. 서버 요청에 대해서 $debug로 출력하도록 적용함, data는 $table로 출력하도록 적용함&#10;2. 서버 응답에 대해서 $debug로 출력하도록 적용함&#10;3. 서버 에러에 대해서 $error로 출력하도록 적용함">
      <created>1642691860709</created>
      <option name="number" value="00008" />
      <option name="presentableId" value="LOCAL-00008" />
      <option name="project" value="LOCAL" />
      <updated>1642691860709</updated>
    </task>
    <task id="LOCAL-00009" summary="코드 수정">
      <created>1642743346272</created>
      <option name="number" value="00009" />
      <option name="presentableId" value="LOCAL-00009" />
      <option name="project" value="LOCAL" />
      <updated>1642743346272</updated>
    </task>
    <task id="LOCAL-00010" summary="[frontend]&#10;logger 기능 추가&#10;http에 logger 추가&#10;날짜 $filters 추가&#10;NewPopupParam 추가">
      <created>1642861788744</created>
      <option name="number" value="00010" />
      <option name="presentableId" value="LOCAL-00010" />
      <option name="project" value="LOCAL" />
      <updated>1642861788744</updated>
    </task>
    <task id="LOCAL-00011" summary="DynameDB AWS SDK V2 기능 수정">
      <created>1643556596581</created>
      <option name="number" value="00011" />
      <option name="presentableId" value="LOCAL-00011" />
      <option name="project" value="LOCAL" />
      <updated>1643556596581</updated>
    </task>
    <task id="LOCAL-00012" summary="gitignore 추가">
      <created>1643559049268</created>
      <option name="number" value="00012" />
      <option name="presentableId" value="LOCAL-00012" />
      <option name="project" value="LOCAL" />
      <updated>1643559049268</updated>
    </task>
    <task id="LOCAL-00013" summary="[backendSpring]&#10;ConfigDto 서버 환경 정보 추가&#10;버전 변경&#10;   org.mybatis.spring.boot:mybatis-spring-boot-starter:2.2.1&#10;   org.mariadb.jdbc:mariadb-java-client:2.7.3">
      <created>1643560156602</created>
      <option name="number" value="00013" />
      <option name="presentableId" value="LOCAL-00013" />
      <option name="project" value="LOCAL" />
      <updated>1643560156602</updated>
    </task>
    <task id="LOCAL-00014" summary="[frontend]&#10;회원가입 추가&#10;  프로파일 사진 선택시 클라이언트 컴퓨터에서 썸네일 크기로 이미지 사이즈 자동 조정 &#10;HTMLImageElement scaleToFit, scaleToFill 기능 추가&#10;CameraAPI 추가">
      <created>1643560320391</created>
      <option name="number" value="00014" />
      <option name="presentableId" value="LOCAL-00014" />
      <option name="project" value="LOCAL" />
      <updated>1643560320391</updated>
    </task>
    <task id="LOCAL-00015" summary="[frontend]&#10;회원가입 추가&#10;  프로파일 사진 선택시 클라이언트 컴퓨터에서 썸네일 크기로 이미지 사이즈 자동 조정 &#10;HTMLImageElement scaleToFit, scaleToFill 기능 추가&#10;CameraAPI 추가&#10;ServerConfig 서버 환경 정보(data, service 호출시 암호화 여부)&#10;useStaffStore 및 Staff 권한 추가&#10;useLocalStore: 개발, 배포 모드 추가&#10;useAuthStore: 로그인 사용자, 현재 고객 정보 기능 추가&#10;메인 화면 및 개발 화면 아래 내용 표출&#10;  ServerConfig 정보&#10;  로그인 정보&#10;  staffStore 정보&#10;  localStore 정보&#10;  프로파일 사진&#10;나의 정보 수정 프로파일 사진 표출&#10;데스크탑 $primary, $brand-primary 컬러를 celsis 컬러 패턴으로 변경 &#10;http.ts API 정리 및 리턴 되는 AxiosResponse&lt;T&gt;에서 T데이터로 변경&#10;기타 코드 정리">
      <created>1643560356545</created>
      <option name="number" value="00015" />
      <option name="presentableId" value="LOCAL-00015" />
      <option name="project" value="LOCAL" />
      <updated>1643560356545</updated>
    </task>
    <task id="LOCAL-00016" summary="[backendSpring]&#10;-Mapper&#10; ProductMapper, SolutionMapper 추가&#10;-Service &#10; ProductService, SolutionService 추가&#10;-DataController&#10; findMehthod 추가(SuperClass 찾는 기능 보완)&#10; DELETE 추가&#10; 조회조건 data에 클라이언트 N_LANG('ko') 추가&#10; modify 함수 리턴 결과를 Object로 변경">
      <created>1644225113647</created>
      <option name="number" value="00016" />
      <option name="presentableId" value="LOCAL-00016" />
      <option name="project" value="LOCAL" />
      <updated>1644225113647</updated>
    </task>
    <task id="LOCAL-00017" summary="[backendSpring]&#10;코드수정">
      <created>1644230890213</created>
      <option name="number" value="00017" />
      <option name="presentableId" value="LOCAL-00017" />
      <option name="project" value="LOCAL" />
      <updated>1644230890213</updated>
    </task>
    <task id="LOCAL-00018" summary="[backendSpring]&#10;코드수정">
      <created>1644251643594</created>
      <option name="number" value="00018" />
      <option name="presentableId" value="LOCAL-00018" />
      <option name="project" value="LOCAL" />
      <updated>1644251643594</updated>
    </task>
    <task id="LOCAL-00019" summary="연동 서비스 추가&#10;&#9;com.celsis.domain.common.service.linkage.LinkageService&#10;&#9;com.celsis.domain.common.mapper.linkage.LinkageMapper&#10;&#9;backendSpring/src/main/resources/mapper/linkage/LinkageMapper.xml&#10;연동 서비스 샘플 URL&#10;&#9;http://localhost:8070/linkage?action=LINKAGE_SAMPLE&#10;&#9;http://localhost:8070/linkage?action=DATA_SAMPLE&amp;ParamData=주소에서받은값&#10;&#10;Get방식으로 서비스 호출시 url 인자가 Parameter(HashMap)로 설정되도록 처리">
      <created>1644327521583</created>
      <option name="number" value="00019" />
      <option name="presentableId" value="LOCAL-00019" />
      <option name="project" value="LOCAL" />
      <updated>1644327521583</updated>
    </task>
    <option name="localTasksCounter" value="20" />
    <servers />
  </component>
  <component name="TypeScriptGeneratedFilesManager">
    <option name="version" value="3" />
  </component>
  <component name="Vcs.Log.History.Properties">
    <option name="COLUMN_ID_ORDER">
      <list>
        <option value="Default.Root" />
        <option value="Default.Author" />
        <option value="Default.Date" />
        <option value="Space.CommitStatus" />
        <option value="Default.Subject" />
      </list>
    </option>
  </component>
  <component name="Vcs.Log.Tabs.Properties">
    <option name="TAB_STATES">
      <map>
        <entry key="MAIN">
          <value>
            <State>
              <option name="FILTERS">
                <map>
                  <entry key="branch">
                    <value>
                      <list>
                        <option value="main" />
                      </list>
                    </value>
                  </entry>
                </map>
              </option>
              <option name="COLUMN_ID_WIDTH">
                <map>
                  <entry key="Table.Default.Author.ColumnIdWidth" value="88" />
                  <entry key="Table.Default.Date.ColumnIdWidth" value="97" />
                  <entry key="Table.Space.CommitStatus.ColumnIdWidth" value="40" />
                </map>
              </option>
            </State>
          </value>
        </entry>
      </map>
    </option>
    <option name="RECENT_FILTERS">
      <map>
        <entry key="Branch">
          <value>
            <list>
              <RecentGroup>
                <option name="FILTER_VALUES">
                  <option value="origin/main" />
                </option>
              </RecentGroup>
            </list>
          </value>
        </entry>
      </map>
    </option>
  </component>
  <component name="VcsManagerConfiguration">
    <MESSAGE value="Gradle and Maven with auto-import 대상 제외" />
    <MESSAGE value="workspace 수정" />
    <MESSAGE value="설치및배포 modules.xml.copy 추가" />
    <MESSAGE value="[backendSpring]&#10;1. SELECT_LOGIN 쿼리 적용&#10;2. 서버 로그인 REST API 및 기능 구현&#10;3. application.yml : 포트번호 8000 =&gt; 8070 으로 변경&#10;4. application-dev.yml : datasource 추가 현재는 운영 DB로 설정함&#10;5. DataController : runMehthod 함수에 getSuperclass 기능추가(상위 클래스의 함수도 찾을 수 있도록함)&#10;6. User 클래스에 멤버 정보를 SELECT_LOGIN과 같도록 현행화" />
    <MESSAGE value="[frontend]&#10;1. 개발용 페이지: http://localhost:8000/#/dev&#10;2. 개발용 페이지에서 PopupSample 확인 가능&#10;3. 운영 화면 메뉴: frontend/src/types/Menus.ts &#10;4. 개발 화면 메뉴: frontend/src/types/MenusDev.ts &#10;5. Staff 메인 구현&#10;6. My 메인 화면 구현&#10;7. 테스트를 위한 Staff On/Off 버튼 추가&#10;8. frontend 라이브러리 최신 버전으로 현행화" />
    <MESSAGE value="[backendSpring]&#10;1. 로그인시 RSA 암호화 적용&#10;2. TEA 암호화 클래스 적용&#10;3. AES 암호화 클래스 적용&#10;4. ResultResponse 클래스 추가&#10;5. ResponseService 기본 인터페이스를 BaseResponse에서 ResultResponse로 변경&#10;6. AuthController&#10;   signin: 로그인 암호화 적용&#10;   라스트 로그인 시간 적용&#10;7. DataController&#10;   /getkey: RSA 키 정보&#10;   /service: 로그인시 사용할 수 있는 서비스&#10;   /data: 서버 설정에 따른 암호화 및 복호화 기능 적용&#10;   serviceMehthod: 서비스단에서 사용하는 기능을 실행할 수 있도록 처리&#10;                         리턴 결과에 대한 타입을 BaseResponse 외에 int, string.... 타입도 지원하도록 처리&#10;   에러 발생시 클라이언트에 상세 메세지를 보낼 수 있도록 보완" />
    <MESSAGE value="[frontend]&#10;1. Emittery 라이브러리 추가(이벤트 전파용)&#10;2. 아이디 찾기&#10;3. 비밀번호 찾기&#10;4. 개발페이지 기능 강화&#10;5. 공통 메세지 창 추가&#10;6. 화면에서 i18n 사용 방법 변경 (src/types/i18n.ts : makeI18nKeys에서 생성된 키를 등록해서 사용할 수 있도록)&#10;7. Menus, MenusDev 사용 체계 변경(MenuPages), ViewPages 에 Page를 등록해서 사용할 수 있도록 변경&#10;8. auth-api 에 암호화/복호화 기능 적용&#10;9. axios 에러를 공통 메세지 창 출력&#10;10. 기타.... 많은 내용 적용됨(너무 많아서 생략)&#10;&#10;아래 화면에서 Emittery, 공통 메세지 창 확인 가능&#10;http://localhost:8000/#/dev/EventEmitter" />
    <MESSAGE value="[frontend]&#10;로그 출력 기능 추가&#10;개발 모드에서만 개발도구 콘솔창에서 확인 가능&#10;&#10;[추가 소스]&#10;src/utils/logger.ts&#10;&#10;[지원 API]&#10;$log(...params: any)&#10;$info(...params: any)&#10;$warn(...params: any)&#10;$debug(...params: any)&#10;$error(...params: any)&#10;$table(...params: any)&#10;$trace(...params: any)&#10;&#10;[사용방법]&#10;$debug('request', config)&#10;$error(errors)&#10;$table(result)&#10;&#10;$debug: 콘솔 Custom Levels &gt; Verbose 체크된 경우에 로그 출력됨&#10;$info: 콘솔 Custom Levels &gt; Info 체크된 경우에 로그 출력됨&#10;$warn: 콘솔 Custom Levels &gt; Warnings 체크된 경우에 로그 출력됨&#10;$error: 콘솔 Custom Levels &gt; Errors 체크된 경우에 로그 출력됨&#10;&#10;[HTTP]&#10;1. 서버 요청에 대해서 $debug로 출력하도록 적용함, data는 $table로 출력하도록 적용함&#10;2. 서버 응답에 대해서 $debug로 출력하도록 적용함&#10;3. 서버 에러에 대해서 $error로 출력하도록 적용함" />
    <MESSAGE value="코드 수정" />
    <MESSAGE value="[frontend]&#10;logger 기능 추가&#10;http에 logger 추가&#10;날짜 $filters 추가&#10;NewPopupParam 추가" />
    <MESSAGE value="[frontend]&#10;회원가입 추가&#10;  프로파일 사진 선택시 클라이언트 컴퓨터에서 썸네일 크기로 이미지 사이즈 자동 조정 &#10;HTMLImageElement scaleToFit, scaleToFill 기능 추가&#10;CameraAPI 추가&#10;ServerConfig 서버 환경 정보(data, service 호출시 암호화 여부)&#10;useStaffStore 및 Staff 권한 추가&#10;useLocalStore: 개발, 배포 모드 추가&#10;useAuthStore: 로그인 사용자, 현재 고객 정보 기능 추가&#10;메인 화면 및 개발 화면 아래 내용 표출&#10;  ServerConfig 정보&#10;  로그인 정보&#10;  staffStore 정보&#10;  localStore 정보&#10;  프로파일 사진&#10;나의 정보 수정 프로파일 사진 표출&#10;데스크탑 $primary, $brand-primary 컬러를 celsis 컬러 패턴으로 변경 &#10;http.ts API 정리 및 리턴 되는 AxiosResponse&lt;T&gt;에서 T데이터로 변경&#10;기타 코드 정리&#10;&#10;&#10;[backendSpring]&#10;ConfigDto 서버 환경 정보 추가&#10;버전 변경&#10;   org.mybatis.spring.boot:mybatis-spring-boot-starter:2.2.1&#10;   org.mariadb.jdbc:mariadb-java-client:2.7.3" />
    <MESSAGE value="DynameDB AWS SDK V2 기능 수정" />
    <MESSAGE value="gitignore 추가" />
    <MESSAGE value="[frontend]&#10;회원가입 추가&#10;  프로파일 사진 선택시 클라이언트 컴퓨터에서 썸네일 크기로 이미지 사이즈 자동 조정 &#10;HTMLImageElement scaleToFit, scaleToFill 기능 추가&#10;CameraAPI 추가&#10;ServerConfig 서버 환경 정보(data, service 호출시 암호화 여부)&#10;useStaffStore 및 Staff 권한 추가&#10;useLocalStore: 개발, 배포 모드 추가&#10;useAuthStore: 로그인 사용자, 현재 고객 정보 기능 추가&#10;메인 화면 및 개발 화면 아래 내용 표출&#10;  ServerConfig 정보&#10;  로그인 정보&#10;  staffStore 정보&#10;  localStore 정보&#10;  프로파일 사진&#10;나의 정보 수정 프로파일 사진 표출&#10;데스크탑 $primary, $brand-primary 컬러를 celsis 컬러 패턴으로 변경 &#10;http.ts API 정리 및 리턴 되는 AxiosResponse&lt;T&gt;에서 T데이터로 변경&#10;기타 코드 정리&#10;&#10;[backendSpring]&#10;ConfigDto 서버 환경 정보 추가&#10;버전 변경&#10;   org.mybatis.spring.boot:mybatis-spring-boot-starter:2.2.1&#10;   org.mariadb.jdbc:mariadb-java-client:2.7.3" />
    <MESSAGE value="[backendSpring]&#10;ConfigDto 서버 환경 정보 추가&#10;버전 변경&#10;   org.mybatis.spring.boot:mybatis-spring-boot-starter:2.2.1&#10;   org.mariadb.jdbc:mariadb-java-client:2.7.3" />
    <MESSAGE value="[frontend]&#10;회원가입 추가&#10;  프로파일 사진 선택시 클라이언트 컴퓨터에서 썸네일 크기로 이미지 사이즈 자동 조정 &#10;HTMLImageElement scaleToFit, scaleToFill 기능 추가&#10;CameraAPI 추가" />
    <MESSAGE value="[frontend]&#10;회원가입 추가&#10;  프로파일 사진 선택시 클라이언트 컴퓨터에서 썸네일 크기로 이미지 사이즈 자동 조정 &#10;HTMLImageElement scaleToFit, scaleToFill 기능 추가&#10;CameraAPI 추가&#10;ServerConfig 서버 환경 정보(data, service 호출시 암호화 여부)&#10;useStaffStore 및 Staff 권한 추가&#10;useLocalStore: 개발, 배포 모드 추가&#10;useAuthStore: 로그인 사용자, 현재 고객 정보 기능 추가&#10;메인 화면 및 개발 화면 아래 내용 표출&#10;  ServerConfig 정보&#10;  로그인 정보&#10;  staffStore 정보&#10;  localStore 정보&#10;  프로파일 사진&#10;나의 정보 수정 프로파일 사진 표출&#10;데스크탑 $primary, $brand-primary 컬러를 celsis 컬러 패턴으로 변경 &#10;http.ts API 정리 및 리턴 되는 AxiosResponse&lt;T&gt;에서 T데이터로 변경&#10;기타 코드 정리" />
    <MESSAGE value="[backendSpring]&#10;-Mapper&#10; ProductMapper, SolutionMapper 추가&#10;-Service &#10; ProductService, SolutionService 추가&#10;-DataController&#10; findMehthod 추가(SuperClass 찾는 기능 보완)&#10; DELETE 추가&#10; 조회조건 data에 클라이언트 N_LANG('ko') 추가&#10; modify 함수 리턴 결과를 Object로 변경" />
    <MESSAGE value="[backendSpring]&#10;코드수정" />
    <MESSAGE value="연동 서비스 추가&#10;&#9;com.celsis.domain.common.service.linkage.LinkageService&#10;&#9;com.celsis.domain.common.mapper.linkage.LinkageMapper&#10;&#9;backendSpring/src/main/resources/mapper/linkage/LinkageMapper.xml&#10;연동 서비스 샘플 URL&#10;&#9;http://localhost:8070/linkage?action=LINKAGE_SAMPLE&#10;&#9;http://localhost:8070/linkage?action=DATA_SAMPLE&amp;ParamData=주소에서받은값&#10;&#10;Get방식으로 서비스 호출시 url 인자가 Parameter(HashMap)로 설정되도록 처리" />
    <option name="LAST_COMMIT_MESSAGE" value="연동 서비스 추가&#10;&#9;com.celsis.domain.common.service.linkage.LinkageService&#10;&#9;com.celsis.domain.common.mapper.linkage.LinkageMapper&#10;&#9;backendSpring/src/main/resources/mapper/linkage/LinkageMapper.xml&#10;연동 서비스 샘플 URL&#10;&#9;http://localhost:8070/linkage?action=LINKAGE_SAMPLE&#10;&#9;http://localhost:8070/linkage?action=DATA_SAMPLE&amp;ParamData=주소에서받은값&#10;&#10;Get방식으로 서비스 호출시 url 인자가 Parameter(HashMap)로 설정되도록 처리" />
  </component>
  <component name="XDebuggerManager">
    <breakpoint-manager>
      <breakpoints>
        <line-breakpoint enabled="true" type="java-line">
          <url>file://$PROJECT_DIR$/backendSpring/src/main/java/com/celsis/domain/common/controller/FileController.java</url>
          <line>69</line>
          <option name="timeStamp" value="24" />
        </line-breakpoint>
        <line-breakpoint enabled="true" type="java-line">
          <url>file://$PROJECT_DIR$/backendSpring/src/main/java/com/celsis/utils/NetUtil.java</url>
          <line>125</line>
          <option name="timeStamp" value="98" />
        </line-breakpoint>
        <line-breakpoint enabled="true" type="java-line">
          <url>file://$PROJECT_DIR$/backendSpring/src/main/java/com/celsis/utils/HttpUtil.java</url>
          <line>262</line>
          <option name="timeStamp" value="99" />
        </line-breakpoint>
        <line-breakpoint enabled="true" type="java-line">
          <url>file://$PROJECT_DIR$/backendSpring/src/main/java/com/celsis/utils/HttpUtil.java</url>
          <line>54</line>
          <option name="timeStamp" value="100" />
        </line-breakpoint>
        <line-breakpoint enabled="true" type="javascript">
          <url>file://$PROJECT_DIR$/frontend/src/types/domain/Staff.ts</url>
          <line>19</line>
          <option name="timeStamp" value="115" />
        </line-breakpoint>
      </breakpoints>
    </breakpoint-manager>
    <pin-to-top-manager>
      <pinned-members>
        <PinnedItemInfo parentTag="org.apache.catalina.connector.Request" memberName="inputStream" />
      </pinned-members>
    </pin-to-top-manager>
    <watches-manager>
      <configuration name="SpringBootApplicationConfigurationType">
        <watch expression="request.getParameter(&quot;action&quot;)" language="JAVA" />
        <watch expression="request.getParameterMap()" language="JAVA" />
      </configuration>
    </watches-manager>
  </component>
  <component name="XSLT-Support.FileAssociations.UIState">
    <expand />
    <select />
  </component>
  <component name="com.intellij.coverage.CoverageDataManagerImpl">
    <SUITE FILE_PATH="coverage/celsis$Server.ic" NAME="Server Coverage Results" MODIFIED="1628850727566" SOURCE_PROVIDER="com.intellij.coverage.DefaultCoverageFileProvider" RUNNER="idea" COVERAGE_BY_TEST_ENABLED="false" COVERAGE_TRACING_ENABLED="false">
      <FILTER>com.celsis.server.*</FILTER>
    </SUITE>
  </component>
</project>